milestone_id,project_id,name,type,planned_start_p50,planned_start_p90,planned_end_p50,planned_end_p90,duration_days_p50,duration_days_p90,gating_flag,external_dependency,notes,_name_lower,_end,_start,_dt_pref,owner_id,owner_name,progress_pct,status,last_update_utc,_phase_order,_dur_days,filled_start,filled_end,capacity_effect,capacity_delta_mw_override
MS_BESS-PV-COLOC-200-200_engineering,BESS-PV-COLOC-200-200,Engineering,engineering,12/31/2027,12/31/2027,4/29/2028,10/6/2028,120,160,FALSE,,solar / WECC,engineering,,,4/29/2028,,,,,,1,,,,none,
MS_BESS-PV-COLOC-200-200_procurement,BESS-PV-COLOC-200-200,Procurement,procurement,10/31/2028,12/10/2028,4/29/2029,12/5/2029,180,220,FALSE,,solar / WECC,procurement,,,10/26/2028,,,,,,2,,,,none,
MS_BESS-PV-COLOC-200-200_construction,BESS-PV-COLOC-200-200,Construction,construction,12/30/2029,2/8/2030,8/27/2030,6/3/2031,240,280,FALSE,,solar / WECC,construction,,,6/23/2029,,,,,,3,,,,none,
MS_BESS-PV-COLOC-200-200_interconnection,BESS-PV-COLOC-200-200,Interconnection,interconnection,6/28/2031,8/7/2031,12/19/2032,7/22/2034,540,580,TRUE,ISO queue,solar / WECC,interconnection,,,12/15/2030,,,,,,4,,,,build,60
MS_BESS-PV-COLOC-200-200_commissioning,BESS-PV-COLOC-200-200,Commissioning,commissioning,8/16/2034,9/25/2034,9/15/2034,11/24/2034,30,70,TRUE,,solar / WECC,commissioning,,,1/14/2031,,,,,,5,,,,build,140
Cape_Wind_new_build_engineering,Cape_Wind_new_build,Engineering,engineering,4/1/2026,5/11/2026,9/28/2026,5/6/2027,180,220,FALSE,,wind / WECC,engineering,,,6/30/2023,,,,,,1,,,,none,
Cape_Wind_new_build_procurement,Cape_Wind_new_build,Procurement,procurement,6/5/2027,7/15/2027,1/31/2028,11/6/2028,240,280,FALSE,,wind / WECC,procurement,,,2/25/2024,,,,,,2,,,,none,
Cape_Wind_new_build_construction,Cape_Wind_new_build,Construction,construction,5/9/2033,6/18/2033,5/4/2034,6/13/2034,360,400,FALSE,,wind / WECC. UPDATED: Delayed to after tall_wind_demo commissioning validation (11/20/2032 + 270 day lag),construction,,,11/5/2032,,,,,,3,,,,none,
Cape_Wind_new_build_interconnection,Cape_Wind_new_build,Interconnection,interconnection,7/23/2034,9/1/2034,1/17/2036,6/18/2037,540,580,TRUE,ISO queue,wind / WECC,interconnection,,,3/1/2035,,,,,,4,,,,build,270
Cape_Wind_new_build_commissioning,Cape_Wind_new_build,Commissioning,commissioning,8/27/2037,10/6/2037,10/26/2037,1/24/2038,45,85,TRUE,,wind / WECC,commissioning,,,4/16/2037,,,,,,5,,,,build,630
HY-BARTLETT56-MOD_MS1,HY-BARTLETT56-MOD,Project kickoff,Gate,1/1/2027,2/10/2027,1/31/2027,4/11/2027,30,70,TRUE,,Project control point aligned to modernization scope.,project kickoff,,,1/1/2027,,,,,,0,,,,none,
HY-BARTLETT56-MOD_MS2,HY-BARTLETT56-MOD,30% design complete,Design,5/11/2027,6/20/2027,4/25/2028,5/20/2029,350,390,FALSE,,Design progress gate; verify discipline packages and freeze IFC set.,30% design complete,,,6/6/2027,,,,,,1,,,,none,
HY-BARTLETT56-MOD_MS3,HY-BARTLETT56-MOD,Long-lead POs placed,Procurement,6/19/2029,7/29/2029,2/24/2030,12/11/2030,250,290,FALSE,,"Issue POs for long-lead items (turbine parts, DCS hardware, major valves).",long-lead pos placed,,,11/9/2027,,,,,,2,,,,none,
HY-BARTLETT56-MOD_MS4,HY-BARTLETT56-MOD,90% design / IFC,Design,1/10/2031,2/19/2031,5/30/2031,11/26/2031,140,180,TRUE,,Design progress gate; verify discipline packages and freeze IFC set.,90% design / ifc,,,4/14/2028,,,,,,1,,,,none,
HY-BARTLETT56-MOD_MS5,HY-BARTLETT56-MOD,Outage start / mobilization,Execution,12/26/2031,2/4/2032,1/25/2032,4/4/2032,30,70,FALSE,,"Begin outage window; lock LOTO, mobilize contractors, stage materials.",outage start / mobilization,,,9/17/2028,,,,,,6,,,,none,
HY-BARTLETT56-MOD_MS6,HY-BARTLETT56-MOD,Mechanical complete,Execution,5/4/2032,6/13/2032,5/24/2032,7/23/2032,20,60,FALSE,,All mechanical scopes installed; start pre-commissioning checklists.,mechanical complete,,,2/21/2029,,,,,,6,,,,build,20
HY-BARTLETT56-MOD_MS7,HY-BARTLETT56-MOD,Commissioning complete,Commissioning,8/22/2032,10/1/2032,10/31/2032,2/18/2033,70,110,FALSE,,"I&C loop checks, startups, performance tests; punchlist burn-down.",commissioning complete,,,7/27/2029,,,,,,5,,,,build,130
HY-BARTLETT56-MOD_MS8,HY-BARTLETT56-MOD,Return to service,Closeout,3/20/2033,4/29/2033,4/9/2033,6/8/2033,20,60,TRUE,,Unit synchronized; performance KPIs stable; closeout docs started.,return to service,,,12/31/2029,,,,,,6,,,,build,
hydro_mod_sinclair_MS1,hydro_mod_sinclair,Project kickoff,Gate,1/1/2024,2/10/2024,1/31/2024,4/10/2024,30,70,TRUE,,Project control point aligned to modernization scope.,project kickoff,,,1/1/2024,,,,,,0,,,,modernize,
hydro_mod_sinclair_MS2,hydro_mod_sinclair,30% design complete,Design,3/1/2024,4/10/2024,2/14/2025,3/11/2026,350,390,FALSE,,Design progress gate; verify discipline packages and freeze IFC set.,30% design complete,,,9/17/2024,,,,,,1,,,,modernize,
hydro_mod_sinclair_MS3,hydro_mod_sinclair,50% design,Design,3/16/2025,4/25/2025,3/1/2026,3/26/2027,350,390,FALSE,,Design progress gate; verify discipline packages and freeze IFC set.,50% design complete,,,6/5/2025,,,,,,1,,,,modernize,
hydro_mod_sinclair_MS4,hydro_mod_sinclair,90% design / IFC,Design,3/31/2026,5/10/2026,8/18/2026,2/14/2027,140,180,TRUE,,Design progress gate; verify discipline packages and freeze IFC set.,90% design / ifc,,,2/21/2026,,,,,,1,,,,modernize,
hydro_mod_sinclair_MS5,hydro_mod_sinclair,Outage start / mobilization,Execution,9/17/2026,10/27/2026,10/17/2026,12/26/2026,30,70,FALSE,,"Begin outage window; lock LOTO, mobilize contractors, stage materials.",outage start / mobilization,,,11/9/2026,,,,,,6,,,,modernize,
hydro_mod_sinclair_MS6,hydro_mod_sinclair,Mechanical complete,Execution,11/16/2026,12/26/2026,12/6/2026,2/4/2027,20,60,FALSE,,All mechanical scopes installed; start pre-commissioning checklists.,mechanical complete,,,7/28/2027,,,,,,6,,,,modernize,50
hydro_mod_sinclair_MS7,hydro_mod_sinclair,Commissioning complete,Commissioning,1/5/2027,2/14/2027,3/16/2027,7/4/2027,70,110,FALSE,,"I&C loop checks, startups, performance tests; punchlist burn-down.",commissioning complete,,,4/14/2028,,,,,,5,,,,modernize,150
hydro_mod_sinclair_MS8,hydro_mod_sinclair,Return to service,Closeout,4/15/2027,5/25/2027,5/5/2027,7/4/2027,20,60,TRUE,,Unit synchronized; performance KPIs stable; closeout docs started.,return to service,,,12/31/2028,,,,,,6,,,,modernize,0
MCI-NGC5_MS1,MCI-NGC5,Retirement plan approved,Gate,1/1/2026,2/10/2026,1/21/2026,3/22/2026,20,60,TRUE,,"Stakeholder sign-off, regulatory notifications initiated.",retirement plan approved,,,1/1/2026,,,,,,6,,,,retire,-20.6
MCI-NGC5_MS2,MCI-NGC5,Fuel isolation & purge complete,Execution,5/1/2026,6/10/2026,6/20/2026,9/18/2026,50,90,FALSE,,"Fuel systems isolated, lines purged; environmental controls in place.",fuel isolation & purge complete,,,2/22/2026,,,,,,4,,,,retire,-30.9
MCI-NGC5_MS3,MCI-NGC5,Decommissioning start,Execution,10/28/2026,12/7/2026,11/27/2026,2/5/2027,30,70,FALSE,,"Begin de-energization, draining, and asset safing activities.",decommissioning start,,,4/15/2026,,,,,,5,,,,retire,-30.9
MCI-NGC5_MS4,MCI-NGC5,Hazmat/ash handling secured,Execution,3/17/2027,4/26/2027,5/26/2027,9/13/2027,70,110,FALSE,,Secure and process ash/hazmat per procedures; waste handling plans.,hazmat/ash handling secured,,,6/6/2026,,,,,,6,,,,retire,-10.3
MCI-NGC5_MS5,MCI-NGC5,Equipment de-energized & cleared,Execution,10/23/2027,12/2/2027,1/31/2028,6/19/2028,100,140,FALSE,,All equipment verified de-energized; LOTO and clearances documented.,equipment de-energized & cleared,,,7/28/2026,,,,,,5,,,,none,
MCI-NGC5_MS6,MCI-NGC5,Demolition start,Execution,7/29/2028,9/7/2028,8/28/2028,11/6/2028,30,70,FALSE,,Demolition contractor mobilized; structural works commence.,demolition start,,,9/18/2026,,,,,,6,,,,retire,-10.3
MCI-NGC5_MS7,MCI-NGC5,Site remediation complete,Execution,12/16/2028,1/25/2029,1/5/2029,3/6/2029,20,60,FALSE,,Soil/groundwater remediation activities to regulatory targets.,site remediation complete,,,11/9/2026,,,,,,6,,,,none,
MCI-NGC5_MS8,MCI-NGC5,Closure / turnover,Closeout,4/15/2029,5/25/2029,5/5/2029,7/4/2029,20,60,TRUE,,Final inspections and turnover to site operations/owner.,closure / turnover,,,1/1/2027,,,,,,6,,,,none,
MCI-NGCC-10-11-7FA05_MS1,MCI-NGCC-10-11-7FA05,Project kickoff,Gate,1/1/2029,2/10/2029,1/31/2029,4/11/2029,30,70,TRUE,,Project control point aligned to modernization scope.,project kickoff,,,1/1/2029,,,,,,0,,,,none,
MCI-NGCC-10-11-7FA05_MS2,MCI-NGCC-10-11-7FA05,30% design complete,Design,5/21/2029,6/30/2029,5/6/2030,5/31/2031,350,390,FALSE,,Design progress gate; verify discipline packages and freeze IFC set.,30% design complete,,,2/9/2029,,,,,,1,,,,none,
MCI-NGCC-10-11-7FA05_MS3,MCI-NGCC-10-11-7FA05,Long-lead POs placed,Procurement,7/10/2031,8/19/2031,7/30/2031,9/28/2031,20,60,FALSE,,"Issue POs for long-lead items (turbine parts, DCS hardware, major valves).",long-lead pos placed,,,3/20/2029,,,,,,2,,,,none,
MCI-NGCC-10-11-7FA05_MS4,MCI-NGCC-10-11-7FA05,90% design / IFC,Design,11/7/2031,12/17/2031,3/26/2032,9/22/2032,140,180,TRUE,,Design progress gate; verify discipline packages and freeze IFC set.,90% design / ifc,,,4/28/2029,,,,,,1,,,,none,
MCI-NGCC-10-11-7FA05_MS5,MCI-NGCC-10-11-7FA05,Outage start / mobilization,Execution,7/29/2032,9/7/2032,8/28/2032,11/6/2032,30,70,FALSE,,"Begin outage window; lock LOTO, mobilize contractors, stage materials. UPDATED: Sequenced before HY-BARTLETT56-MOD outage for regional reliability",outage start / mobilization,,,4/20/2032,,,,,,6,,,,modernize,-194
MCI-NGCC-10-11-7FA05_MS6,MCI-NGCC-10-11-7FA05,Mechanical complete,Execution,12/16/2032,1/25/2033,1/5/2033,3/6/2033,20,60,FALSE,,All mechanical scopes installed; start pre-commissioning checklists.,mechanical complete,,,10/26/2032,,,,,,6,,,,modernize,194
MCI-NGCC-10-11-7FA05_MS7,MCI-NGCC-10-11-7FA05,Commissioning complete,Commissioning,4/15/2033,5/25/2033,6/24/2033,10/12/2033,70,110,FALSE,,"I&C loop checks, startups, performance tests; punchlist burn-down. UPDATED: Gated by ppa_dahlberg commissioning + 60 day lag",commissioning complete,,,2/14/2033,,,,,,5,,,,modernize,200
MCI-NGCC-10-11-7FA05_MS8,MCI-NGCC-10-11-7FA05,Return to service,Closeout,11/21/2033,1/10/2034,12/11/2033,2/9/2034,20,60,TRUE,,Unit synchronized; performance KPIs stable; closeout docs started.,return to service,,,9/22/2033,,,,,,6,,,,modernize,0
NU-UP-retire_MS1,NU-UP-retire,Retirement plan approved,Gate,6/14/2031,8/3/2031,7/14/2031,10/12/2031,20,60,TRUE,,"Stakeholder sign-off, regulatory notifications initiated. UPDATED: Delayed to after NU-UP-VOG2 return to service",retirement plan approved,,,6/14/2031,,,,,,6,,,,retire,-900
NU-UP-retire_MS2,NU-UP-retire,Fuel isolation & purge complete,Execution,12/1/2031,1/20/2032,1/20/2032,4/19/2032,50,90,FALSE,,"Fuel systems isolated, lines purged; environmental controls in place.",fuel isolation & purge complete,,,9/1/2031,,,,,,4,,,,retire,-1350
NU-UP-retire_MS3,NU-UP-retire,Decommissioning start,Execution,5/29/2032,7/18/2032,6/28/2032,9/26/2032,30,70,FALSE,,"Begin de-energization, draining, and asset safing activities. UPDATED: Gated by NU-UP-VOG2 RTS (3/16/2031) + 120 day lag",decommissioning start,,,3/16/2032,,,,,,5,,,,retire,-1350
NU-UP-retire_MS4,NU-UP-retire,Hazmat/ash handling secured,Execution,11/5/2032,12/25/2032,1/14/2033,4/14/2033,70,110,FALSE,,Secure and process ash/hazmat per procedures; waste handling plans.,hazmat/ash handling secured,,,8/16/2032,,,,,,6,,,,retire,-450
NU-UP-retire_MS5,NU-UP-retire,Equipment de-energized & cleared,Execution,5/24/2033,7/13/2033,10/1/2033,2/28/2034,100,140,FALSE,,All equipment verified de-energized; LOTO and clearances documented.,equipment de-energized & cleared,,,3/14/2033,,,,,,5,,,,none,
NU-UP-retire_MS6,NU-UP-retire,Demolition start,Execution,4/9/2034,5/29/2034,5/9/2034,8/7/2034,30,70,FALSE,,Demolition contractor mobilized; structural works commence.,demolition start,,,11/19/2033,,,,,,6,,,,retire,-450
NU-UP-retire_MS7,NU-UP-retire,Site remediation complete,Execution,9/16/2034,11/5/2034,10/6/2034,1/4/2035,20,60,FALSE,,Soil/groundwater remediation activities to regulatory targets.,site remediation complete,,,6/18/2034,,,,,,6,,,,none,
NU-UP-retire_MS8,NU-UP-retire,Closure / turnover,Closeout,2/23/2035,4/14/2035,3/25/2035,6/23/2035,20,60,TRUE,,Final inspections and turnover to site operations/owner.,closure / turnover,,,11/4/2034,,6/14/2031,8/23/2035,,,6,,,,none,
NU-UP-VOG1_MS1,NU-UP-VOG1,Project kickoff,Gate,1/1/2025,2/10/2025,1/31/2025,4/11/2025,30,70,TRUE,,Project control point aligned to modernization scope.,project kickoff,,,1/1/2000,,,,,,0,,,,none,
NU-UP-VOG1_MS2,NU-UP-VOG1,30% design complete,Design,5/21/2025,6/30/2025,5/6/2026,5/31/2027,350,390,FALSE,,Design progress gate; verify discipline packages and freeze IFC set.,30% design complete,,,7/27/2004,,,,,,1,,,,none,
NU-UP-VOG1_MS3,NU-UP-VOG1,Long-lead POs placed,Procurement,7/10/2027,8/19/2027,7/30/2027,9/28/2027,20,60,FALSE,,"Issue POs for long-lead items (turbine parts, DCS hardware, major valves).",long-lead pos placed,,,2/21/2009,,,,,,2,,,,none,
NU-UP-VOG1_MS4,NU-UP-VOG1,90% design / IFC,Design,11/7/2027,12/17/2027,3/26/2028,9/22/2028,140,180,TRUE,,Design progress gate; verify discipline packages and freeze IFC set.,90% design / ifc,,,9/17/2013,,,,,,1,,,,none,
NU-UP-VOG1_MS5,NU-UP-VOG1,Outage start / mobilization,Execution,11/1/2028,12/11/2028,12/1/2028,2/9/2029,30,70,FALSE,,"Begin outage window; lock LOTO, mobilize contractors, stage materials.",outage start / mobilization,,,4/14/2018,,,,,,6,,,,modernize,-500
NU-UP-VOG1_MS6,NU-UP-VOG1,Mechanical complete,Execution,3/21/2029,4/30/2029,4/10/2029,6/9/2029,20,60,FALSE,,All mechanical scopes installed; start pre-commissioning checklists.,mechanical complete,,,11/8/2022,,,,,,6,,,,modernize,500
NU-UP-VOG1_MS7,NU-UP-VOG1,Commissioning complete,Commissioning,7/19/2029,8/28/2029,9/27/2029,1/15/2030,70,110,FALSE,,"I&C loop checks, startups, performance tests; punchlist burn-down.",commissioning complete,,,6/5/2027,,,,,,5,,,,modernize,500
NU-UP-VOG1_MS8,NU-UP-VOG1,Return to service,Closeout,2/24/2030,4/5/2030,3/16/2030,5/15/2030,20,60,TRUE,,Unit synchronized; performance KPIs stable; closeout docs started.,return to service,,,12/31/2031,,,,,,6,,,,modernize,500
NU-UP-VOG2_MS1,NU-UP-VOG2,Project kickoff,Gate,1/1/2026,2/10/2026,1/31/2026,4/11/2026,30,70,TRUE,,Project control point aligned to modernization scope.,project kickoff,,,1/1/2000,,,,,,0,,,,none,
NU-UP-VOG2_MS2,NU-UP-VOG2,30% design complete,Design,5/21/2026,6/30/2026,5/6/2027,5/30/2028,350,390,FALSE,,Design progress gate; verify discipline packages and freeze IFC set.,30% design complete,,,4/14/2004,,,,,,1,,,,none,
NU-UP-VOG2_MS3,NU-UP-VOG2,Long-lead POs placed,Procurement,7/9/2028,8/18/2028,7/29/2028,9/27/2028,20,60,FALSE,,"Issue POs for long-lead items (turbine parts, DCS hardware, major valves).",long-lead pos placed,,,7/27/2008,,,,,,2,,,,none,
NU-UP-VOG2_MS4,NU-UP-VOG2,90% design / IFC,Design,11/6/2028,12/16/2028,3/26/2029,9/22/2029,140,180,TRUE,,Design progress gate; verify discipline packages and freeze IFC set.,90% design / ifc,,,11/8/2012,,,,,,1,,,,none,
NU-UP-VOG2_MS5,NU-UP-VOG2,Outage start / mobilization,Execution,11/1/2029,12/11/2029,12/1/2029,2/9/2030,30,70,FALSE,,"Begin outage window; lock LOTO, mobilize contractors, stage materials.",outage start / mobilization,,,2/21/2017,,,,,,6,,,,modernize,-800
NU-UP-VOG2_MS6,NU-UP-VOG2,Mechanical complete,Execution,3/21/2030,4/30/2030,4/10/2030,6/9/2030,20,60,FALSE,,All mechanical scopes installed; start pre-commissioning checklists.,mechanical complete,,,6/5/2021,,,,,,6,,,,modernize,800
NU-UP-VOG2_MS7,NU-UP-VOG2,Commissioning complete,Commissioning,7/19/2030,8/28/2030,9/27/2030,1/15/2031,70,110,FALSE,,"I&C loop checks, startups, performance tests; punchlist burn-down.",commissioning complete,,,9/17/2025,,,,,,5,,,,modernize,250
NU-UP-VOG2_MS8,NU-UP-VOG2,Return to service,Closeout,2/24/2031,4/5/2031,3/16/2031,5/15/2031,20,60,TRUE,,Unit synchronized; performance KPIs stable; closeout docs started.,return to service,,,12/31/2029,,,,,,6,,,,modernize,250
MS_ppa_dahlberg_1_3_5_engineering,ppa_dahlberg_1_3_5,Engineering,engineering,6/1/2025,7/11/2025,11/28/2025,7/6/2026,180,220,FALSE,,gas / SERC,engineering,,,11/28/2025,,,,,,1,,,,none,
MS_ppa_dahlberg_1_3_5_procurement,ppa_dahlberg_1_3_5,Procurement,procurement,8/15/2026,9/24/2026,4/12/2027,1/17/2028,240,280,FALSE,,gas / SERC,procurement,,,7/26/2026,,,,,,2,,,,modernize,-500
MS_ppa_dahlberg_1_3_5_construction,ppa_dahlberg_1_3_5,Construction,construction,2/26/2028,4/6/2028,5/21/2029,9/23/2030,450,490,FALSE,,gas / SERC,construction,,,10/19/2027,,,,,,3,,,,modernize,500
MS_ppa_dahlberg_1_3_5_interconnection,ppa_dahlberg_1_3_5,Interconnection,interconnection,5/15/2031,6/24/2031,11/7/2032,2/5/2033,540,580,TRUE,ISO queue,gas / SERC. UPDATED: Accelerated to enable early commissioning,interconnection,,,2/24/2032,,,,,,4,,,,modernize,250
MS_ppa_dahlberg_1_3_5_commissioning,ppa_dahlberg_1_3_5,Commissioning,commissioning,11/21/2032,12/31/2032,2/13/2033,5/14/2033,45,85,TRUE,,"gas / SERC. UPDATED: Accelerated by ~1 year to finish by mid-Feb 2033, enabling MCI-NGCC commissioning start (4/15/2033) with 60-day lag",commissioning,,,5/16/2032,,,,,,5,,,,modernize,400
MS_proj_009_engineering,proj_009,Engineering,engineering,12/31/2028,2/19/2029,8/28/2029,11/26/2029,240,280,FALSE,,coal / ERCOT,engineering,,,8/28/2029,,,,,,1,,,,none,
MS_proj_009_procurement,proj_009,Procurement,procurement,1/5/2030,2/24/2030,12/31/2030,3/31/2031,360,400,FALSE,,coal / ERCOT,procurement,,,8/23/2030,,,,,,2,,,,none,
MS_proj_009_construction,proj_009,Construction,construction,5/10/2031,6/29/2031,4/29/2033,7/28/2033,720,760,FALSE,,coal / ERCOT,construction,,,8/12/2032,,,,,,3,,,,none,
MS_proj_009_interconnection,proj_009,Interconnection,interconnection,9/6/2033,10/26/2033,2/28/2035,5/29/2035,540,580,TRUE,ISO queue,coal / ERCOT,interconnection,,,2/3/2034,,,,,,4,,,,build,120
MS_proj_009_commissioning,proj_009,Commissioning,commissioning,7/8/2035,8/27/2035,9/6/2035,12/5/2035,60,100,TRUE,,coal / ERCOT,commissioning,,,4/4/2034,,,,,,5,,,,build,280
MS_proj_011_retirement_plan_approved,proj_011,Retirement plan approved,gate,9/24/2025,9/24/2025,10/14/2025,11/23/2025,20,60,TRUE,,"Stakeholder sign-off, regulatory notifications initiated.",retirement plan approved,,,10/14/2025,,,,,,6,,,,retire,-40
MS_proj_011_fuel_isolation_&_purge_complete,proj_011,Fuel isolation & purge complete,execution,10/14/2025,10/14/2025,12/3/2025,1/12/2026,50,90,FALSE,,"Fuel systems isolated, lines purged; environmental controls in place.",fuel isolation & purge complete,,,12/3/2025,,,,,,4,,,,retire,-60
MS_proj_011_decommissioning_start,proj_011,Decommissioning start,execution,12/3/2025,12/3/2025,1/2/2026,2/11/2026,30,70,FALSE,,"Begin de-energization, draining, and asset safing activities.",decommissioning start,,,1/2/2026,,,,,,5,,,,retire,-60
MS_proj_011_hazmat_ash_handling_secured,proj_011,Hazmat/ash handling secured,execution,1/2/2026,1/2/2026,3/13/2026,4/22/2026,70,110,FALSE,,Secure and process ash/hazmat per procedures; waste handling plans.,hazmat/ash handling secured,,,3/13/2026,,,,,,6,,,,retire,-20
MS_proj_011_equipment_de-energized_&_cleared,proj_011,Equipment de-energized & cleared,execution,3/13/2026,3/13/2026,6/21/2026,7/31/2026,100,140,FALSE,,All equipment verified de-energized; LOTO and clearances documented.,equipment de-energized & cleared,,,6/21/2026,,,,,,5,,,,none,
MS_proj_011_demolition_start,proj_011,Demolition start,execution,6/21/2026,6/21/2026,7/21/2026,8/30/2026,30,70,FALSE,,Demolition contractor mobilized; structural works commence.,demolition start,,,7/21/2026,,,,,,6,,,,retire,-20
MS_proj_011_site_remediation_complete,proj_011,Site remediation complete,execution,7/21/2026,7/21/2026,8/10/2026,9/19/2026,20,60,FALSE,,Soil/groundwater remediation activities to regulatory targets.,site remediation complete,,,8/10/2026,,,,,,6,,,,none,
MS_proj_011_closure___turnover,proj_011,Closure / turnover,closeout,8/10/2026,8/10/2026,8/30/2026,10/9/2026,20,60,TRUE,,Final inspections and turnover to site operations/owner.,closure / turnover,,,8/30/2026,,,,,,6,,,,none,
MS_proj_017_engineering,proj_017,Engineering,engineering,1/1/2028,1/1/2028,6/29/2028,8/8/2028,180,220,FALSE,,Generated for wind new build,engineering,,,6/29/2028,,,,,,1,,,,none,
MS_proj_017_procurement,proj_017,Procurement,procurement,6/29/2028,6/29/2028,2/24/2029,4/5/2029,240,280,FALSE,,Generated for wind new build,procurement,,,2/24/2029,,,,,,2,,,,none,
MS_proj_017_construction,proj_017,Construction,construction,2/24/2029,2/24/2029,2/19/2030,3/31/2030,360,400,FALSE,,Generated for wind new build,construction,,,2/19/2030,,,,,,3,,,,none,
MS_proj_017_interconnection,proj_017,Interconnection,interconnection,2/19/2030,2/19/2030,8/13/2031,9/22/2031,540,580,TRUE,ISO queue,Generated for wind new build,interconnection,,,8/13/2031,,,,,,4,,,,build,200
MS_proj_017_commissioning,proj_017,Commissioning,commissioning,8/13/2031,8/13/2031,1/5/2031,2/14/2031,45,85,TRUE,,Generated for wind new build,commissioning,,,1/5/2031,,,,,,5,,,,build,400
MS_proj_019_project_kickoff,proj_019,Project kickoff,gate,4/19/2025,4/19/2025,5/19/2025,6/28/2025,30,70,TRUE,,Project control point aligned to modernization scope.,project kickoff,,,5/19/2025,,,,,,0,,,,none,
MS_proj_019_30%_design_complete,proj_019,30% design complete,design,5/19/2025,5/19/2025,5/4/2026,6/13/2026,350,390,FALSE,,Design progress gate; verify discipline packages and freeze IFC set.,30% design complete,,,5/4/2026,,,,,,1,,,,none,
MS_proj_019_long-lead_pos_placed,proj_019,Long-lead POs placed,procurement,5/4/2026,5/4/2026,1/9/2027,2/18/2027,250,290,FALSE,,"Issue POs for long-lead items (turbine parts, DCS hardware, major valves).",long-lead pos placed,,,1/9/2027,,,,,,2,,,,none,
MS_proj_019_90%_design___ifc,proj_019,90% design / IFC,design,1/9/2027,1/9/2027,5/29/2027,7/8/2027,140,180,TRUE,,Design progress gate; verify discipline packages and freeze IFC set.,90% design / ifc,,,5/29/2027,,,,,,1,,,,none,
MS_proj_019_outage_start___mobilization,proj_019,Outage start / mobilization,execution,5/29/2027,5/29/2027,6/28/2027,8/7/2027,30,70,FALSE,,"Begin outage window; lock LOTO, mobilize contractors, stage materials.",outage start / mobilization,,,6/28/2027,,,,,,6,,,,retire,
MS_proj_019_mechanical_complete,proj_019,Mechanical complete,execution,6/28/2027,6/28/2027,7/18/2027,8/27/2027,20,60,FALSE,,All mechanical scopes installed; start pre-commissioning checklists.,mechanical complete,,,7/18/2027,,,,,,6,,,,none,
MS_proj_019_commissioning_complete,proj_019,Commissioning complete,commissioning,7/18/2027,7/18/2027,9/26/2027,11/5/2027,70,110,FALSE,,"I&C loop checks, startups, performance tests; punchlist burn-down.",commissioning complete,,,9/26/2027,,,,,,5,,,,build,50
MS_proj_019_return_to_service,proj_019,Return to service,closeout,9/26/2027,9/26/2027,10/16/2027,11/25/2027,20,60,TRUE,,Unit synchronized; performance KPIs stable; closeout docs started.,return to service,,,10/16/2027,,,,,,6,,,,build,50
MS_proj_020_engineering,proj_020,Engineering,engineering,12/31/2026,2/9/2027,4/30/2027,10/27/2027,120,180,FALSE,,solar / WECC,engineering,,,4/30/2027,,,,,,1,,,,none,
MS_proj_020_procurement,proj_020,Procurement,procurement,6/9/2027,7/19/2027,12/6/2027,9/1/2028,180,270,FALSE,,solar / WECC,procurement,,,10/27/2027,,,,,,2,,,,none,
MS_proj_020_construction,proj_020,Construction,construction,1/15/2028,2/24/2028,9/11/2028,9/6/2029,240,360,FALSE,,solar / WECC,construction,,,6/23/2028,,,,,,3,,,,none,
MS_proj_020_interconnection,proj_020,Interconnection,interconnection,2/24/2032,4/4/2032,8/18/2033,1/24/2035,540,900,TRUE,ISO queue. UPDATED: Gated by proj_021 commissioning (2/3/2032 + 21 day lag),solar / WECC,interconnection,,,4/29/2033,,,,,,4,,,,build,30
MS_proj_020_commissioning,proj_020,Commissioning,commissioning,2/3/2035,3/15/2035,3/5/2035,6/3/2035,30,70,TRUE,,solar / WECC,commissioning,,,10/14/2034,,,,,,5,,,,build,70
MS_proj_021_engineering,proj_021,Engineering,engineering,12/31/2027,2/9/2028,5/29/2028,10/6/2028,150,240,FALSE,,other / ISO-NE,engineering,,,5/29/2028,,,,,,1,,,,none,
MS_proj_021_procurement,proj_021,Procurement,procurement,7/8/2028,8/17/2028,3/5/2029,8/12/2029,240,360,FALSE,,other / ISO-NE,procurement,,,1/24/2029,,,,,,2,,,,none,
MS_proj_021_construction,proj_021,Construction,construction,4/14/2029,5/24/2029,4/9/2030,11/15/2030,360,540,FALSE,,other / ISO-NE,construction,,,1/19/2030,,,,,,3,,,,none,
MS_proj_021_interconnection,proj_021,Interconnection,interconnection,5/19/2030,6/28/2030,11/10/2031,12/14/2032,540,900,TRUE,ISO queue,other / ISO-NE,interconnection,,,7/13/2031,,,,,,4,,,,build,240
MS_proj_021_commissioning,proj_021,Commissioning,commissioning,12/20/2031,1/29/2032,2/3/2032,4/28/2032,45,90,TRUE,,other / ISO-NE,commissioning,,,8/27/2031,,,,,,5,,,,build,560
MS_proj_022_retirement_plan_approved,proj_022,Retirement plan approved,gate,9/23/2031,9/23/2031,10/13/2031,11/22/2031,20,60,TRUE,,"Stakeholder sign-off, regulatory notifications initiated.",retirement plan approved,,,10/14/2025,,,,,,6,,,,retire,-100
MS_proj_022_fuel_isolation_&_purge_complete,proj_022,Fuel isolation & purge complete,execution,10/13/2031,10/13/2031,12/2/2031,1/11/2032,50,90,FALSE,,"Fuel systems isolated, lines purged; environmental controls in place.",fuel isolation & purge complete,,,12/3/2025,,,,,,4,,,,retire,-50
MS_proj_022_decommissioning_start,proj_022,Decommissioning start,execution,12/2/2031,12/2/2031,1/1/2032,2/10/2032,30,70,FALSE,,"Begin de-energization, draining, and asset safing activities.",decommissioning start,,,1/2/2026,,,,,,5,,,,retire,-30
MS_proj_022_hazmat_ash_handling_secured,proj_022,Hazmat/ash handling secured,execution,1/1/2032,1/1/2032,3/11/2032,4/20/2032,70,110,FALSE,,Secure and process ash/hazmat per procedures; waste handling plans.,hazmat/ash handling secured,,,3/13/2026,,,,,,6,,,,retire,-10
MS_proj_022_equipment_de-energized_&_cleared,proj_022,Equipment de-energized & cleared,execution,3/11/2032,3/11/2032,6/19/2032,7/29/2032,100,140,FALSE,,All equipment verified de-energized; LOTO and clearances documented.,equipment de-energized & cleared,,,6/21/2026,,,,,,5,,,,none,-110
MS_proj_022_demolition_start,proj_022,Demolition start,execution,6/19/2032,6/19/2032,7/19/2032,8/28/2032,30,70,FALSE,,Demolition contractor mobilized; structural works commence.,demolition start,,,7/21/2026,,,,,,6,,,,retire,
MS_proj_022_site_remediation_complete,proj_022,Site remediation complete,execution,7/19/2032,7/19/2032,8/8/2032,9/17/2032,20,60,FALSE,,Soil/groundwater remediation activities to regulatory targets.,site remediation complete,,,8/10/2026,,,,,,6,,,,none,
MS_proj_022_closure___turnover,proj_022,Closure / turnover,closeout,8/8/2032,8/8/2032,8/28/2032,10/7/2032,20,60,TRUE,,Final inspections and turnover to site operations/owner.,closure / turnover,,,8/30/2026,,,,,,6,,,,none,
retire_bowen_1_2_MS1,retire_bowen_1_2,Retirement plan approved,Gate,10/15/2034,12/4/2034,11/14/2034,2/12/2035,20,60,TRUE,,"Stakeholder sign-off, regulatory notifications initiated. UPDATED: Delayed to after BESS-PV-COLOC-200-200 commissioning",retirement plan approved,,,10/15/2034,,,,,,6,,,,retire,-70
retire_bowen_1_2_MS2,retire_bowen_1_2,Fuel isolation & purge complete,Execution,3/24/2035,5/13/2035,5/13/2035,8/11/2035,50,90,FALSE,,"Fuel systems isolated, lines purged; environmental controls in place.",fuel isolation & purge complete,,,1/14/2035,,,,,,4,,,,retire,-105
retire_bowen_1_2_MS3,retire_bowen_1_2,Decommissioning start,Execution,9/20/2035,11/9/2035,10/20/2035,1/18/2036,30,70,FALSE,,"Begin de-energization, draining, and asset safing activities. UPDATED: Gated by BESS commissioning (9/15/2034) + 30 day lag",decommissioning start,,,7/7/2035,,,,,,5,,,,retire,-105
retire_bowen_1_2_MS4,retire_bowen_1_2,Hazmat/ash handling secured,Execution,2/27/2036,4/18/2036,5/28/2036,8/26/2036,70,110,FALSE,,Secure and process ash/hazmat per procedures; waste handling plans.,hazmat/ash handling secured,,,12/15/2035,,,,,,6,,,,retire,-35
retire_bowen_1_2_MS5,retire_bowen_1_2,Equipment de-energized & cleared,Execution,10/6/2036,11/25/2036,1/14/2037,6/13/2037,100,140,FALSE,,All equipment verified de-energized; LOTO and clearances documented.,equipment de-energized & cleared,,,8/27/2036,,,,,,5,,,,none,
retire_bowen_1_2_MS6,retire_bowen_1_2,Demolition start,Execution,7/24/2037,9/12/2037,8/23/2037,11/21/2037,30,70,FALSE,,Demolition contractor mobilized; structural works commence.,demolition start,,,5/15/2037,,,,,,6,,,,retire,-35
retire_bowen_1_2_MS7,retire_bowen_1_2,Site remediation complete,Execution,2/10/2038,4/1/2038,3/2/2038,5/31/2038,20,60,FALSE,,Soil/groundwater remediation activities to regulatory targets.,site remediation complete,,,12/1/2037,,,,,,6,,,,none,
retire_bowen_1_2_MS8,retire_bowen_1_2,Closure / turnover,Closeout,7/20/2038,9/8/2038,8/19/2038,11/17/2038,20,60,TRUE,,Final inspections and turnover to site operations/owner.,closure / turnover,,,5/1/2038,,,,,,6,,,,none,
retire_Plant28_MS1,retire_Plant28,Retirement plan approved,Gate,10/6/2035,11/25/2035,11/5/2035,2/3/2036,20,60,TRUE,,"Stakeholder sign-off, regulatory notifications initiated. UPDATED: Delayed to after proj_009 commissioning",retirement plan approved,,,10/6/2035,,,,,,6,,,,retire,0
retire_Plant28_MS2,retire_Plant28,Fuel isolation & purge complete,Execution,3/15/2036,5/4/2036,5/4/2036,8/2/2036,50,90,FALSE,,"Fuel systems isolated, lines purged; environmental controls in place.",fuel isolation & purge complete,,,1/5/2036,,,,,,4,,,,retire,-300
retire_Plant28_MS3,retire_Plant28,Decommissioning start,Execution,9/11/2036,10/31/2036,10/11/2036,1/9/2037,30,70,FALSE,,"Begin de-energization, draining, and asset safing activities. UPDATED: Gated by proj_009 commissioning (9/6/2035) + 30 day lag",decommissioning start,,,6/18/2036,,,,,,5,,,,retire,-300
retire_Plant28_MS4,retire_Plant28,Hazmat/ash handling secured,Execution,2/18/2037,4/9/2037,5/20/2037,8/18/2037,70,110,FALSE,,Secure and process ash/hazmat per procedures; waste handling plans.,hazmat/ash handling secured,,,11/5/2036,,,,,,6,,,,retire,-600
retire_Plant28_MS5,retire_Plant28,Equipment de-energized & cleared,Execution,9/27/2037,11/16/2037,1/5/2038,6/4/2038,100,140,FALSE,,All equipment verified de-energized; LOTO and clearances documented.,equipment de-energized & cleared,,,8/18/2036,,,,,,5,,,,none,-600
retire_Plant28_MS6,retire_Plant28,Demolition start,Execution,7/15/2038,9/3/2038,8/14/2038,11/12/2038,30,70,FALSE,,Demolition contractor mobilized; structural works commence.,demolition start,,,5/5/2037,,,,,,6,,,,retire,
retire_Plant28_MS7,retire_Plant28,Site remediation complete,Execution,2/1/2039,3/23/2039,2/21/2039,5/22/2039,20,60,FALSE,,Soil/groundwater remediation activities to regulatory targets.,site remediation complete,,,11/12/2037,,,,,,6,,,,none,
retire_Plant28_MS8,retire_Plant28,Closure / turnover,Closeout,7/11/2039,8/30/2039,8/10/2039,11/8/2039,20,60,TRUE,,Final inspections and turnover to site operations/owner.,closure / turnover,,,4/21/2038,,,,,,6,,,,none,
MS_tall_wind_demo_engineering,tall_wind_demo,Engineering,engineering,1/1/2025,2/20/2025,6/30/2025,11/17/2025,180,270,FALSE,,wind / WECC,engineering,,,6/30/2023,,,,,,1,,,,none,
MS_tall_wind_demo_procurement,tall_wind_demo,Procurement,procurement,12/27/2025,2/15/2026,8/24/2026,2/10/2027,240,360,FALSE,,wind / WECC,procurement,,,2/25/2024,,,,,,2,,,,none,
MS_tall_wind_demo_construction,tall_wind_demo,Construction,construction,3/22/2027,5/11/2027,3/16/2028,11/1/2028,360,540,FALSE,,wind / WECC,construction,,,2/19/2025,,,,,,3,,,,none,
MS_tall_wind_demo_interconnection,tall_wind_demo,Interconnection,interconnection,12/11/2028,1/30/2029,6/4/2030,7/19/2031,540,900,TRUE,ISO queue,wind / WECC,interconnection,,,8/13/2026,,,,,,4,,,,build,36
MS_tall_wind_demo_commissioning,tall_wind_demo,Commissioning,commissioning,8/28/2031,10/17/2031,11/20/2032,1/15/2032,450,90,TRUE,,wind / WECC,commissioning,,,9/27/2026,,,,,,5,,,,build,84
