need_id,plant_id,category,cadence_days,default_duration_days,anchor,resources_json,supply_chain_json,dep_templates_json,policy_refs_json,occurrence_cost_usd,risk_if_deferred,notes
SUST_PLANT_BOWEN_U1_704,plant_eia-10023-0_8943bb,Water Treatment & Chemistry Controls Modernization,1800,9,plantStartPlusLead,"[{""resource_id"":""I&C"",""qty_per_day"":9.0,""duration_days"":9,""start_offset_days"":0},{""resource_id"":""chem_crew"",""qty_per_day"":7.0,""duration_days"":9,""start_offset_days"":0},{""resource_id"":""mech_crew"",""qty_per_day"":3.0,""duration_days"":12,""start_offset_days"":0}]","[{""component"":""Conductivity analyzers"",""vendor_type"":""OEM/instrumentation"",""lead_time_days"":87,""expedite_days"":23,""unit_cost_estimate_usd"":3838,""procurement_start_date"":NaN},{""component"":""Chemical metering pumps"",""vendor_type"":""Industrial distributor"",""lead_time_days"":41,""expedite_days"":9,""unit_cost_estimate_usd"":1496,""procurement_start_date"":NaN},{""component"":""Sample conditioning skid components"",""vendor_type"":""Fabricator"",""lead_time_days"":104,""expedite_days"":25,""unit_cost_estimate_usd"":33646,""procurement_start_date"":NaN}]","[{""to_kind"":""need"",""to_ref"":""SUST_PLANT_BOWEN_U1_boiler_Pulverizer_overhaul"",""type"":""SS"",""lag_days"":7,""severity"":""soft""},{""to_kind"":""need"",""to_ref"":""SUST_PLANT_BOWEN_U1_SCR_catalyst_changeout"",""type"":""SS"",""lag_days"":7,""severity"":""soft""},{""to_kind"":""need"",""to_ref"":""SUST_PLANT_BOWEN_U1_705"",""type"":""SS"",""lag_days"":7,""severity"":""soft""},{""to_kind"":""need"",""to_ref"":""SUST_PLANT_BOWEN_U1_boiler_tube"",""type"":""SS"",""lag_days"":7,""severity"":""soft""},{""to_kind"":""need"",""to_ref"":""SUST_plant_eia-10023-0_8943bb_boiler_tube_inspection_&"",""type"":""SS"",""lag_days"":0,""severity"":""soft""},{""to_kind"":""need"",""to_ref"":""SUST_plant_eia-10023-0_8943bb_pulverizer_overhaul"",""type"":""SS"",""lag_days"":0,""severity"":""soft""},{""to_kind"":""need"",""to_ref"":""SUST_plant_eia-10023-0_8943bb_scr_catalyst_changeout"",""type"":""SS"",""lag_days"":0,""severity"":""soft""},{""to_kind"":""previous_occurrence"",""to_ref"":""nan"",""type"":""SS"",""lag_days"":0,""severity"":""soft""}]",[],23388,Medium,Auto-filled defaults based on category: Water Treatment & Chemistry Controls Modernization
SUST_PLANT_BOWEN_U1_705,plant_eia-10023-0_8943bb,Ash Handling System Replacement,2160,16,plantStartPlusLead,"[{""resource_id"":""electrical"",""qty_per_day"":1.0,""duration_days"":16,""start_offset_days"":0},{""resource_id"":""environmental"",""qty_per_day"":1.0,""duration_days"":16,""start_offset_days"":0},{""resource_id"":""mech_crew"",""qty_per_day"":4.0,""duration_days"":12,""start_offset_days"":0}]","[{""component"":""Bearing kits"",""vendor_type"":""Industrial distributor"",""lead_time_days"":21,""expedite_days"":10,""unit_cost_estimate_usd"":347,""procurement_start_date"":NaN},{""component"":""Fasteners & gaskets kit"",""vendor_type"":""Industrial distributor"",""lead_time_days"":16,""expedite_days"":5,""unit_cost_estimate_usd"":456,""procurement_start_date"":NaN},{""component"":""Electrical consumables"",""vendor_type"":""Electrical distributor"",""lead_time_days"":13,""expedite_days"":3,""unit_cost_estimate_usd"":449,""procurement_start_date"":NaN}]","[{""to_kind"":""need"",""to_ref"":""SUST_PLANT_BOWEN_U1_704"",""type"":""SS"",""lag_days"":0,""severity"":""soft""},{""to_kind"":""need"",""to_ref"":""SUST_PLANT_BOWEN_U1_boiler_Pulverizer_overhaul"",""type"":""SS"",""lag_days"":7,""severity"":""soft""},{""to_kind"":""need"",""to_ref"":""SUST_PLANT_BOWEN_U1_SCR_catalyst_changeout"",""type"":""SS"",""lag_days"":7,""severity"":""soft""},{""to_kind"":""need"",""to_ref"":""SUST_PLANT_BOWEN_U1_704"",""type"":""SS"",""lag_days"":7,""severity"":""soft""},{""to_kind"":""need"",""to_ref"":""SUST_plant_eia-10023-0_8943bb_boiler_tube_inspection_&"",""type"":""FS"",""lag_days"":3,""severity"":""soft""},{""to_kind"":""need"",""to_ref"":""SUST_PLANT_BOWEN_U1_706"",""type"":""FS"",""lag_days"":3,""severity"":""soft""},{""to_kind"":""need"",""to_ref"":""SUST_PLANT_BOWEN_U1_boiler_tube"",""type"":""FS"",""lag_days"":3,""severity"":""soft""},{""to_kind"":""need"",""to_ref"":""SUST_plant_eia-10023-0_8943bb_boiler_tube_inspection_&"",""type"":""SS"",""lag_days"":0,""severity"":""soft""},{""to_kind"":""need"",""to_ref"":""SUST_plant_eia-10023-0_8943bb_pulverizer_overhaul"",""type"":""SS"",""lag_days"":0,""severity"":""soft""},{""to_kind"":""need"",""to_ref"":""SUST_plant_eia-10023-0_8943bb_scr_catalyst_changeout"",""type"":""SS"",""lag_days"":0,""severity"":""soft""},{""to_kind"":""previous_occurrence"",""to_ref"":""nan"",""type"":""SS"",""lag_days"":0,""severity"":""soft""}]",[],751.2,High,Auto-filled defaults based on category: Ash Handling System Replacement
SUST_PLANT_BOWEN_U1_706,plant_eia-10023-0_8943bb,Stack Liner & Breeching Inspection Program,1080,9,plantStartPlusLead,"[{""resource_id"":""civil"",""qty_per_day"":1.0,""duration_days"":9,""start_offset_days"":0},{""resource_id"":""inspection"",""qty_per_day"":1.0,""duration_days"":9,""start_offset_days"":0},{""resource_id"":""materials"",""qty_per_day"":1.0,""duration_days"":9,""start_offset_days"":0}]","[{""component"":""Bearing kits"",""vendor_type"":""Industrial distributor"",""lead_time_days"":23,""expedite_days"":9,""unit_cost_estimate_usd"":473,""procurement_start_date"":NaN},{""component"":""Fasteners & gaskets kit"",""vendor_type"":""Industrial distributor"",""lead_time_days"":19,""expedite_days"":10,""unit_cost_estimate_usd"":538,""procurement_start_date"":NaN},{""component"":""Electrical consumables"",""vendor_type"":""Electrical distributor"",""lead_time_days"":9,""expedite_days"":5,""unit_cost_estimate_usd"":462,""procurement_start_date"":NaN}]","[{""to_kind"":""need"",""to_ref"":""SUST_PLANT_BOWEN_U1_704"",""type"":""SS"",""lag_days"":0,""severity"":""soft""},{""to_kind"":""need"",""to_ref"":""SUST_PLANT_BOWEN_U1_705"",""type"":""SS"",""lag_days"":0,""severity"":""soft""},{""to_kind"":""need"",""to_ref"":""SUST_PLANT_BOWEN_U1_boiler_Pulverizer_overhaul"",""type"":""SS"",""lag_days"":7,""severity"":""soft""},{""to_kind"":""need"",""to_ref"":""SUST_PLANT_BOWEN_U1_704"",""type"":""SS"",""lag_days"":7,""severity"":""soft""},{""to_kind"":""need"",""to_ref"":""SUST_PLANT_BOWEN_U1_705"",""type"":""SS"",""lag_days"":7,""severity"":""soft""},{""to_kind"":""need"",""to_ref"":""SUST_plant_eia-10023-0_8943bb_boiler_tube_inspection_&"",""type"":""SS"",""lag_days"":0,""severity"":""soft""},{""to_kind"":""need"",""to_ref"":""SUST_plant_eia-10023-0_8943bb_pulverizer_overhaul"",""type"":""SS"",""lag_days"":0,""severity"":""soft""},{""to_kind"":""need"",""to_ref"":""SUST_plant_eia-10023-0_8943bb_scr_catalyst_changeout"",""type"":""SS"",""lag_days"":0,""severity"":""soft""},{""to_kind"":""previous_occurrence"",""to_ref"":""nan"",""type"":""SS"",""lag_days"":0,""severity"":""soft""}]",[],883.8,Medium,Auto-filled defaults based on category: Stack Liner & Breeching Inspection Program
SUST_PLANT_BOWEN_U1_boiler_Pulverizer_overhaul,plant_eia-10023-0_8943bb,Pulverizer overhaul,720,16,plantStartPlusLead,"[{""resource_id"":""materials"",""qty_per_day"":1.0,""duration_days"":16,""start_offset_days"":0},{""resource_id"":""mech_crew"",""qty_per_day"":1.0,""duration_days"":16,""start_offset_days"":0}]","[{""component"":""Bearing kits"",""vendor_type"":""Industrial distributor"",""lead_time_days"":37,""expedite_days"":12,""unit_cost_estimate_usd"":322,""procurement_start_date"":NaN},{""component"":""Fasteners & gaskets kit"",""vendor_type"":""Industrial distributor"",""lead_time_days"":14,""expedite_days"":6,""unit_cost_estimate_usd"":281,""procurement_start_date"":NaN},{""component"":""Electrical consumables"",""vendor_type"":""Electrical distributor"",""lead_time_days"":7,""expedite_days"":3,""unit_cost_estimate_usd"":189,""procurement_start_date"":NaN}]","[{""to_kind"":""need"",""to_ref"":""SUST_PLANT_BOWEN_U1_704"",""type"":""SS"",""lag_days"":0,""severity"":""soft""},{""to_kind"":""need"",""to_ref"":""SUST_PLANT_BOWEN_U1_705"",""type"":""SS"",""lag_days"":0,""severity"":""soft""},{""to_kind"":""need"",""to_ref"":""SUST_PLANT_BOWEN_U1_706"",""type"":""SS"",""lag_days"":0,""severity"":""soft""},{""to_kind"":""need"",""to_ref"":""SUST_PLANT_BOWEN_U1_705"",""type"":""SS"",""lag_days"":7,""severity"":""soft""},{""to_kind"":""need"",""to_ref"":""SUST_PLANT_BOWEN_U1_704"",""type"":""SS"",""lag_days"":7,""severity"":""soft""},{""to_kind"":""need"",""to_ref"":""SUST_plant_eia-10023-0_8943bb_boiler_tube_inspection_&"",""type"":""FS"",""lag_days"":3,""severity"":""soft""},{""to_kind"":""need"",""to_ref"":""SUST_PLANT_BOWEN_U1_706"",""type"":""FS"",""lag_days"":3,""severity"":""soft""},{""to_kind"":""need"",""to_ref"":""SUST_PLANT_BOWEN_U1_boiler_tube"",""type"":""FS"",""lag_days"":3,""severity"":""soft""},{""to_kind"":""need"",""to_ref"":""SUST_PLANT_BOWEN_U1_706"",""type"":""SS"",""lag_days"":7,""severity"":""soft""},{""to_kind"":""need"",""to_ref"":""SUST_plant_eia-10023-0_8943bb_boiler_tube_inspection_&"",""type"":""SS"",""lag_days"":0,""severity"":""soft""},{""to_kind"":""need"",""to_ref"":""SUST_plant_eia-10023-0_8943bb_pulverizer_overhaul"",""type"":""SS"",""lag_days"":0,""severity"":""soft""},{""to_kind"":""need"",""to_ref"":""SUST_plant_eia-10023-0_8943bb_scr_catalyst_changeout"",""type"":""SS"",""lag_days"":0,""severity"":""soft""},{""to_kind"":""previous_occurrence"",""to_ref"":""nan"",""type"":""SS"",""lag_days"":0,""severity"":""soft""}]",[],475.2,Medium,Generated from fuel-aligned catalog
SUST_PLANT_BOWEN_U1_boiler_tube,plant_eia-10023-0_8943bb,Boiler tube inspection & repair,360,12,plantStartPlusLead,"[{""resource_id"":""NDT"",""qty_per_day"":1.0,""duration_days"":9,""start_offset_days"":0},{""resource_id"":""mech_crew"",""qty_per_day"":8.0,""duration_days"":16,""start_offset_days"":0}]","[{""component"":""UT thickness probes"",""vendor_type"":""NDT supplier"",""lead_time_days"":42,""expedite_days"":7,""unit_cost_estimate_usd"":2456,""procurement_start_date"":NaN},{""component"":""Tube plugs (assorted)"",""vendor_type"":""Industrial distributor"",""lead_time_days"":19,""expedite_days"":10,""unit_cost_estimate_usd"":314,""procurement_start_date"":NaN},{""component"":""Scaffold rental kit"",""vendor_type"":""Rental services"",""lead_time_days"":10,""expedite_days"":3,""unit_cost_estimate_usd"":2684,""procurement_start_date"":NaN}]","[{""to_kind"":""need"",""to_ref"":""SUST_PLANT_BOWEN_U1_704"",""type"":""SS"",""lag_days"":0,""severity"":""soft""},{""to_kind"":""need"",""to_ref"":""SUST_PLANT_BOWEN_U1_705"",""type"":""SS"",""lag_days"":0,""severity"":""soft""},{""to_kind"":""need"",""to_ref"":""SUST_PLANT_BOWEN_U1_706"",""type"":""SS"",""lag_days"":0,""severity"":""soft""},{""to_kind"":""need"",""to_ref"":""SUST_PLANT_BOWEN_U1_boiler_Pulverizer_overhaul"",""type"":""SS"",""lag_days"":0,""severity"":""soft""},{""to_kind"":""need"",""to_ref"":""SUST_PLANT_BOWEN_U1_boiler_Pulverizer_overhaul"",""type"":""SS"",""lag_days"":7,""severity"":""soft""},{""to_kind"":""need"",""to_ref"":""SUST_PLANT_BOWEN_U1_SCR_catalyst_changeout"",""type"":""SS"",""lag_days"":7,""severity"":""soft""},{""to_kind"":""need"",""to_ref"":""SUST_PLANT_BOWEN_U1_705"",""type"":""SS"",""lag_days"":7,""severity"":""soft""},{""to_kind"":""need"",""to_ref"":""SUST_PLANT_BOWEN_U1_704"",""type"":""SS"",""lag_days"":7,""severity"":""soft""},{""to_kind"":""need"",""to_ref"":""SUST_plant_eia-10023-0_8943bb_boiler_tube_inspection_&"",""type"":""FS"",""lag_days"":3,""severity"":""soft""},{""to_kind"":""need"",""to_ref"":""SUST_PLANT_BOWEN_U1_706"",""type"":""FS"",""lag_days"":3,""severity"":""soft""},{""to_kind"":""previous_occurrence"",""to_ref"":""nan"",""type"":""FS"",""lag_days"":3,""severity"":""soft""},{""to_kind"":""need"",""to_ref"":""SUST_PLANT_BOWEN_U1_706"",""type"":""SS"",""lag_days"":7,""severity"":""soft""},{""to_kind"":""need"",""to_ref"":""SUST_plant_eia-10023-0_8943bb_boiler_tube_inspection_&"",""type"":""SS"",""lag_days"":0,""severity"":""soft""},{""to_kind"":""need"",""to_ref"":""SUST_plant_eia-10023-0_8943bb_pulverizer_overhaul"",""type"":""SS"",""lag_days"":0,""severity"":""soft""},{""to_kind"":""need"",""to_ref"":""SUST_plant_eia-10023-0_8943bb_scr_catalyst_changeout"",""type"":""SS"",""lag_days"":0,""severity"":""soft""},{""to_kind"":""previous_occurrence"",""to_ref"":""nan"",""type"":""SS"",""lag_days"":0,""severity"":""soft""}]",[],3272.4,Medium,Generated from fuel-aligned catalog
SUST_PLANT_BOWEN_U1_SCR_catalyst_changeout,plant_eia-10023-0_8943bb,SCR catalyst changeout,1080,11,plantStartPlusLead,"[{""resource_id"":""environmental"",""qty_per_day"":1.0,""duration_days"":11,""start_offset_days"":0},{""resource_id"":""mech_crew"",""qty_per_day"":7.0,""duration_days"":11,""start_offset_days"":0}]","[{""component"":""Conveyor idlers & bearings set"",""vendor_type"":""OEM/aftermarket"",""lead_time_days"":42,""expedite_days"":12,""unit_cost_estimate_usd"":2575,""procurement_start_date"":NaN},{""component"":""Scraper blades / wear liners"",""vendor_type"":""Fabricator"",""lead_time_days"":23,""expedite_days"":9,""unit_cost_estimate_usd"":2971,""procurement_start_date"":NaN},{""component"":""Chute ceramic liners"",""vendor_type"":""Fabricator"",""lead_time_days"":32,""expedite_days"":15,""unit_cost_estimate_usd"":4549,""procurement_start_date"":NaN}]","[{""to_kind"":""need"",""to_ref"":""SUST_PLANT_BOWEN_U1_704"",""type"":""SS"",""lag_days"":0,""severity"":""soft""},{""to_kind"":""need"",""to_ref"":""SUST_PLANT_BOWEN_U1_705"",""type"":""SS"",""lag_days"":0,""severity"":""soft""},{""to_kind"":""need"",""to_ref"":""SUST_PLANT_BOWEN_U1_706"",""type"":""SS"",""lag_days"":0,""severity"":""soft""},{""to_kind"":""need"",""to_ref"":""SUST_PLANT_BOWEN_U1_boiler_Pulverizer_overhaul"",""type"":""SS"",""lag_days"":0,""severity"":""soft""},{""to_kind"":""need"",""to_ref"":""SUST_PLANT_BOWEN_U1_boiler_tube"",""type"":""SS"",""lag_days"":0,""severity"":""soft""},{""to_kind"":""need"",""to_ref"":""SUST_PLANT_BOWEN_U1_boiler_Pulverizer_overhaul"",""type"":""SS"",""lag_days"":7,""severity"":""soft""},{""to_kind"":""need"",""to_ref"":""SUST_PLANT_BOWEN_U1_704"",""type"":""SS"",""lag_days"":7,""severity"":""soft""},{""to_kind"":""need"",""to_ref"":""SUST_PLANT_BOWEN_U1_705"",""type"":""SS"",""lag_days"":7,""severity"":""soft""},{""to_kind"":""need"",""to_ref"":""SUST_PLANT_BOWEN_U1_706"",""type"":""SS"",""lag_days"":7,""severity"":""soft""},{""to_kind"":""need"",""to_ref"":""SUST_PLANT_BOWEN_U1_boiler_tube"",""type"":""SS"",""lag_days"":7,""severity"":""soft""},{""to_kind"":""need"",""to_ref"":""SUST_plant_eia-10023-0_8943bb_boiler_tube_inspection_&"",""type"":""SS"",""lag_days"":0,""severity"":""soft""},{""to_kind"":""need"",""to_ref"":""SUST_plant_eia-10023-0_8943bb_pulverizer_overhaul"",""type"":""SS"",""lag_days"":0,""severity"":""soft""},{""to_kind"":""need"",""to_ref"":""SUST_plant_eia-10023-0_8943bb_scr_catalyst_changeout"",""type"":""SS"",""lag_days"":0,""severity"":""soft""},{""to_kind"":""previous_occurrence"",""to_ref"":""nan"",""type"":""SS"",""lag_days"":0,""severity"":""soft""}]",[],6057,High,Generated from fuel-aligned catalog
SUST_plant_doe-lpo-nan_6ec756_spillway_&_gate_maintena,plant_doe-lpo-nan_6ec756,Spillway & gate maintenance,720,8,plantStartPlusLead,"[{""resource_id"":""civil"",""qty_per_day"":1.0,""duration_days"":7,""start_offset_days"":0},{""resource_id"":""mech_crew"",""qty_per_day"":8.0,""duration_days"":10,""start_offset_days"":0}]","[{""component"":""Bearing kits"",""vendor_type"":""Industrial distributor"",""lead_time_days"":35,""expedite_days"":11,""unit_cost_estimate_usd"":730,""procurement_start_date"":NaN},{""component"":""Fasteners & gaskets kit"",""vendor_type"":""Industrial distributor"",""lead_time_days"":18,""expedite_days"":10,""unit_cost_estimate_usd"":307,""procurement_start_date"":NaN},{""component"":""Electrical consumables"",""vendor_type"":""Electrical distributor"",""lead_time_days"":8,""expedite_days"":2,""unit_cost_estimate_usd"":567,""procurement_start_date"":NaN}]","[{""to_kind"":""need"",""to_ref"":""SUST_plant_doe-lpo-nan_6ec756_boiler_tube_inspection_&"",""type"":""SS"",""lag_days"":0,""severity"":""soft""},{""to_kind"":""need"",""to_ref"":""SUST_plant_doe-lpo-nan_6ec756_fgd/gypsum_handling_upke"",""type"":""SS"",""lag_days"":0,""severity"":""soft""},{""to_kind"":""need"",""to_ref"":""SUST_plant_doe-lpo-nan_6ec756_scr_catalyst_changeout"",""type"":""SS"",""lag_days"":0,""severity"":""soft""},{""to_kind"":""previous_occurrence"",""to_ref"":""nan"",""type"":""SS"",""lag_days"":0,""severity"":""soft""},{""to_kind"":""need"",""to_ref"":""SUST_plant_doe-lpo-nan_6ec756_boiler_tube_inspection_&"",""type"":""SS"",""lag_days"":7,""severity"":""soft""},{""to_kind"":""need"",""to_ref"":""SUST_plant_doe-lpo-nan_6ec756_fgd/gypsum_handling_upke"",""type"":""SS"",""lag_days"":7,""severity"":""soft""},{""to_kind"":""need"",""to_ref"":""SUST_plant_doe-lpo-nan_6ec756_scr_catalyst_changeout"",""type"":""SS"",""lag_days"":7,""severity"":""soft""},{""to_kind"":""previous_occurrence"",""to_ref"":""nan"",""type"":""SS"",""lag_days"":7,""severity"":""soft""},{""to_kind"":""need"",""to_ref"":""SUST_plant_doe-lpo-nan_6ec756_turbine/generator_runner"",""type"":""SS"",""lag_days"":7,""severity"":""soft""}]",[],962.4,Medium,Generated from fuel-aligned catalog
SUST_plant_doe-lpo-nan_6ec756_turbine/generator_runner,plant_doe-lpo-nan_6ec756,Turbine/generator runner inspection,720,8,plantStartPlusLead,"[{""resource_id"":""electrical"",""qty_per_day"":1.0,""duration_days"":5,""start_offset_days"":0},{""resource_id"":""mech_crew"",""qty_per_day"":9.0,""duration_days"":10,""start_offset_days"":0}]","[{""component"":""Hydrogen seal kit"",""vendor_type"":""OEM/aftermarket"",""lead_time_days"":52,""expedite_days"":19,""unit_cost_estimate_usd"":12204,""procurement_start_date"":NaN},{""component"":""Stator RTDs"",""vendor_type"":""Instrumentation"",""lead_time_days"":27,""expedite_days"":12,""unit_cost_estimate_usd"":159,""procurement_start_date"":NaN},{""component"":""Wedge/slot fillers"",""vendor_type"":""OEM/aftermarket"",""lead_time_days"":51,""expedite_days"":20,""unit_cost_estimate_usd"":2604,""procurement_start_date"":NaN}]","[{""to_kind"":""need"",""to_ref"":""SUST_plant_doe-lpo-nan_6ec756_boiler_tube_inspection_&"",""type"":""SS"",""lag_days"":0,""severity"":""soft""},{""to_kind"":""need"",""to_ref"":""SUST_plant_doe-lpo-nan_6ec756_fgd/gypsum_handling_upke"",""type"":""SS"",""lag_days"":0,""severity"":""soft""},{""to_kind"":""need"",""to_ref"":""SUST_plant_doe-lpo-nan_6ec756_scr_catalyst_changeout"",""type"":""SS"",""lag_days"":0,""severity"":""soft""},{""to_kind"":""need"",""to_ref"":""SUST_plant_doe-lpo-nan_6ec756_spillway_&_gate_maintena"",""type"":""SS"",""lag_days"":0,""severity"":""soft""},{""to_kind"":""previous_occurrence"",""to_ref"":""nan"",""type"":""SS"",""lag_days"":0,""severity"":""soft""},{""to_kind"":""need"",""to_ref"":""SUST_plant_doe-lpo-nan_6ec756_boiler_tube_inspection_&"",""type"":""SS"",""lag_days"":7,""severity"":""soft""},{""to_kind"":""need"",""to_ref"":""SUST_plant_doe-lpo-nan_6ec756_fgd/gypsum_handling_upke"",""type"":""SS"",""lag_days"":7,""severity"":""soft""},{""to_kind"":""need"",""to_ref"":""SUST_plant_doe-lpo-nan_6ec756_scr_catalyst_changeout"",""type"":""SS"",""lag_days"":7,""severity"":""soft""},{""to_kind"":""need"",""to_ref"":""SUST_plant_doe-lpo-nan_6ec756_spillway_&_gate_maintena"",""type"":""SS"",""lag_days"":7,""severity"":""soft""},{""to_kind"":""previous_occurrence"",""to_ref"":""nan"",""type"":""SS"",""lag_days"":7,""severity"":""soft""}]",[],8980.2,Medium,Generated from fuel-aligned catalog
SUST_plant_eia-10001-0_063c52_gas_turbine_borescope_&_,PLANT_DAHLBERG_CT_135,Gas turbine borescope & hot-section insp.,360,10,plantStartPlusLead,"[{""resource_id"":""GT"",""qty_per_day"":1.0,""duration_days"":9,""start_offset_days"":0},{""resource_id"":""mech_crew"",""qty_per_day"":8.0,""duration_days"":11,""start_offset_days"":0}]","[{""component"":""Borescope probe"",""vendor_type"":""NDT supplier"",""lead_time_days"":34,""expedite_days"":8,""unit_cost_estimate_usd"":8113,""procurement_start_date"":NaN},{""component"":""Borescope rental"",""vendor_type"":""Rental services"",""lead_time_days"":14,""expedite_days"":2,""unit_cost_estimate_usd"":1665,""procurement_start_date"":NaN},{""component"":""Inspection port seals"",""vendor_type"":""OEM/aftermarket"",""lead_time_days"":19,""expedite_days"":6,""unit_cost_estimate_usd"":219,""procurement_start_date"":NaN}]","[{""to_kind"":""previous_occurrence"",""to_ref"":null,""type"":""FS"",""lag_days"":0,""severity"":""hard""}]",[],5998.2,Medium,Generated from fuel-aligned catalog
SUST_plant_eia-10001-0_063c52_generator_inspection,PLANT_DAHLBERG_CT_135,Generator inspection,1080,20,plantStartPlusLead,"[{""resource_id"":""electrical"",""qty_per_day"":1.0,""duration_days"":20,""start_offset_days"":0}]","[{""component"":""Hydrogen seal kit"",""vendor_type"":""OEM/aftermarket"",""lead_time_days"":55,""expedite_days"":23,""unit_cost_estimate_usd"":13091,""procurement_start_date"":NaN},{""component"":""Stator RTDs"",""vendor_type"":""Instrumentation"",""lead_time_days"":38,""expedite_days"":8,""unit_cost_estimate_usd"":487,""procurement_start_date"":NaN},{""component"":""Wedge/slot fillers"",""vendor_type"":""OEM/aftermarket"",""lead_time_days"":48,""expedite_days"":11,""unit_cost_estimate_usd"":6332,""procurement_start_date"":NaN}]","[{""to_kind"":""previous_occurrence"",""to_ref"":null,""type"":""FS"",""lag_days"":0,""severity"":""hard""}]",[],11946,Medium,Generated from fuel-aligned catalog
SUST_plant_eia-10001-0_063c52_hrsg_tube_cleaning_&_ins,PLANT_DAHLBERG_CT_135,HRSG tube cleaning & inspection,540,24,plantStartPlusLead,"[{""resource_id"":""NDT"",""qty_per_day"":1.0,""duration_days"":29,""start_offset_days"":0},{""resource_id"":""mech_crew"",""qty_per_day"":8.0,""duration_days"":18,""start_offset_days"":0}]","[{""component"":""Sootblower nozzles"",""vendor_type"":""OEM/aftermarket"",""lead_time_days"":39,""expedite_days"":10,""unit_cost_estimate_usd"":4199,""procurement_start_date"":NaN},{""component"":""HRSG cleaning solvent"",""vendor_type"":""Specialty chemical"",""lead_time_days"":25,""expedite_days"":8,""unit_cost_estimate_usd"":11509,""procurement_start_date"":NaN},{""component"":""HP wash pump rental"",""vendor_type"":""Rental services"",""lead_time_days"":10,""expedite_days"":3,""unit_cost_estimate_usd"":2666,""procurement_start_date"":NaN}]","[{""to_kind"":""previous_occurrence"",""to_ref"":null,""type"":""FS"",""lag_days"":0,""severity"":""hard""}]",[],11024.4,Medium,Generated from fuel-aligned catalog
SUST_plant_eia-10015-0_0e2230_blade_inspection_&_repai,plant_eia-10015-0_0e2230,Blade inspection & repair,360,23,plantStartPlusLead,"[{""resource_id"":""blade"",""qty_per_day"":1.0,""duration_days"":23,""start_offset_days"":0},{""resource_id"":""rope"",""qty_per_day"":1.0,""duration_days"":23,""start_offset_days"":0}]","[{""component"":""Bearing kits"",""vendor_type"":""Industrial distributor"",""lead_time_days"":33,""expedite_days"":10,""unit_cost_estimate_usd"":492,""procurement_start_date"":NaN},{""component"":""Fasteners & gaskets kit"",""vendor_type"":""Industrial distributor"",""lead_time_days"":18,""expedite_days"":7,""unit_cost_estimate_usd"":222,""procurement_start_date"":NaN},{""component"":""Electrical consumables"",""vendor_type"":""Electrical distributor"",""lead_time_days"":21,""expedite_days"":4,""unit_cost_estimate_usd"":273,""procurement_start_date"":NaN}]","[{""to_kind"":""previous_occurrence"",""to_ref"":""nan"",""type"":""FS"",""lag_days"":3,""severity"":""soft""},{""to_kind"":""need"",""to_ref"":""SUST_plant_eia-10015-0_0e2230_main_bearing_inspection"",""type"":""FS"",""lag_days"":3,""severity"":""soft""},{""to_kind"":""previous_occurrence"",""to_ref"":""nan"",""type"":""SS"",""lag_days"":0,""severity"":""soft""}]",[],592.2,Medium,Generated from fuel-aligned catalog
SUST_plant_eia-10015-0_0e2230_gearbox_oil_change,plant_eia-10015-0_0e2230,Gearbox oil change,720,10,plantStartPlusLead,"[{""resource_id"":""mech_crew"",""qty_per_day"":9.0,""duration_days"":10,""start_offset_days"":0}]","[{""component"":""Bearing kits"",""vendor_type"":""Industrial distributor"",""lead_time_days"":38,""expedite_days"":8,""unit_cost_estimate_usd"":1090,""procurement_start_date"":NaN},{""component"":""Fasteners & gaskets kit"",""vendor_type"":""Industrial distributor"",""lead_time_days"":22,""expedite_days"":7,""unit_cost_estimate_usd"":211,""procurement_start_date"":NaN},{""component"":""Electrical consumables"",""vendor_type"":""Electrical distributor"",""lead_time_days"":17,""expedite_days"":5,""unit_cost_estimate_usd"":269,""procurement_start_date"":NaN}]","[{""to_kind"":""need"",""to_ref"":""SUST_plant_eia-10015-0_0e2230_blade_inspection_&_repai"",""type"":""SS"",""lag_days"":0,""severity"":""soft""},{""to_kind"":""need"",""to_ref"":""SUST_plant_eia-10015-0_0e2230_main_bearing_inspection"",""type"":""SS"",""lag_days"":7,""severity"":""soft""},{""to_kind"":""need"",""to_ref"":""SUST_plant_eia-10015-0_0e2230_blade_inspection_&_repai"",""type"":""SS"",""lag_days"":7,""severity"":""soft""},{""to_kind"":""previous_occurrence"",""to_ref"":""nan"",""type"":""SS"",""lag_days"":0,""severity"":""soft""}]",[],942,Medium,Generated from fuel-aligned catalog
SUST_plant_eia-10015-0_0e2230_main_bearing_inspection,plant_eia-10015-0_0e2230,Main bearing inspection,720,10,plantStartPlusLead,"[{""resource_id"":""mech_crew"",""qty_per_day"":8.0,""duration_days"":10,""start_offset_days"":0}]","[{""component"":""Bearing kits"",""vendor_type"":""Industrial distributor"",""lead_time_days"":32,""expedite_days"":8,""unit_cost_estimate_usd"":434,""procurement_start_date"":NaN},{""component"":""Fasteners & gaskets kit"",""vendor_type"":""Industrial distributor"",""lead_time_days"":14,""expedite_days"":8,""unit_cost_estimate_usd"":284,""procurement_start_date"":NaN},{""component"":""Electrical consumables"",""vendor_type"":""Electrical distributor"",""lead_time_days"":14,""expedite_days"":5,""unit_cost_estimate_usd"":483,""procurement_start_date"":NaN}]","[{""to_kind"":""need"",""to_ref"":""SUST_plant_eia-10015-0_0e2230_blade_inspection_&_repai"",""type"":""SS"",""lag_days"":0,""severity"":""soft""},{""to_kind"":""need"",""to_ref"":""SUST_plant_eia-10015-0_0e2230_gearbox_oil_change"",""type"":""SS"",""lag_days"":0,""severity"":""soft""},{""to_kind"":""need"",""to_ref"":""SUST_plant_eia-10015-0_0e2230_blade_inspection_&_repai"",""type"":""SS"",""lag_days"":7,""severity"":""soft""},{""to_kind"":""need"",""to_ref"":""SUST_plant_eia-10015-0_0e2230_gearbox_oil_change"",""type"":""SS"",""lag_days"":7,""severity"":""soft""},{""to_kind"":""previous_occurrence"",""to_ref"":""nan"",""type"":""SS"",""lag_days"":0,""severity"":""soft""}]",[],720.6,Medium,Generated from fuel-aligned catalog
SUST_plant_eia-10018-0_66d132_inverter_preventative_ma,plant_eia-10020-0_6bff7e,Inverter preventative maintenance,360,22,plantStartPlusLead,"[{""resource_id"":""electrical"",""qty_per_day"":1.0,""duration_days"":22,""start_offset_days"":0}]","[{""component"":""Inverter fan module set"",""vendor_type"":""OEM/aftermarket"",""lead_time_days"":31,""expedite_days"":7,""unit_cost_estimate_usd"":693,""procurement_start_date"":NaN},{""component"":""DC filter capacitors kit"",""vendor_type"":""OEM/aftermarket"",""lead_time_days"":73,""expedite_days"":20,""unit_cost_estimate_usd"":1843,""procurement_start_date"":NaN},{""component"":""Control/IGBT driver boards (spares)"",""vendor_type"":""OEM/aftermarket"",""lead_time_days"":46,""expedite_days"":12,""unit_cost_estimate_usd"":4365,""procurement_start_date"":NaN}]","[{""to_kind"":""need"",""to_ref"":""SUST_plant_eia-10018-0_66d132_tracker_inspection_&_rea"",""type"":""SS"",""lag_days"":0,""severity"":""soft""},{""to_kind"":""previous_occurrence"",""to_ref"":""nan"",""type"":""SS"",""lag_days"":0,""severity"":""soft""}]",[],4140.6,Low,Generated from fuel-aligned catalog
SUST_plant_eia-10018-0_66d132_pv_array_cleaning_&_repa,plant_eia-10020-0_6bff7e,PV array cleaning & repair,360,16,plantStartPlusLead,"[{""resource_id"":""technicians"",""qty_per_day"":1.0,""duration_days"":16,""start_offset_days"":0}]","[{""component"":""Deionized water supply (bulk tote)"",""vendor_type"":""Specialty chemical"",""lead_time_days"":8,""expedite_days"":4,""unit_cost_estimate_usd"":748,""procurement_start_date"":NaN},{""component"":""Wetting agent / surfactant"",""vendor_type"":""Specialty chemical"",""lead_time_days"":13,""expedite_days"":4,""unit_cost_estimate_usd"":380,""procurement_start_date"":NaN},{""component"":""Rotary brush heads (array cleaning)"",""vendor_type"":""OEM/aftermarket"",""lead_time_days"":22,""expedite_days"":9,""unit_cost_estimate_usd"":2427,""procurement_start_date"":NaN}]","[{""to_kind"":""need"",""to_ref"":""SUST_plant_eia-10018-0_66d132_inverter_preventative_ma"",""type"":""SS"",""lag_days"":0,""severity"":""soft""},{""to_kind"":""need"",""to_ref"":""SUST_plant_eia-10018-0_66d132_tracker_inspection_&_rea"",""type"":""SS"",""lag_days"":0,""severity"":""soft""},{""to_kind"":""need"",""to_ref"":""SUST_plant_eia-10018-0_66d132_tracker_inspection_&_rea"",""type"":""FS"",""lag_days"":3,""severity"":""soft""},{""to_kind"":""need"",""to_ref"":""SUST_plant_eia-10020-0_6bff7e_wellfield_inspection_&_w"",""type"":""FS"",""lag_days"":3,""severity"":""soft""},{""to_kind"":""need"",""to_ref"":""SUST_plant_eia-10018-0_66d132_inverter_preventative_ma"",""type"":""SS"",""lag_days"":7,""severity"":""soft""},{""to_kind"":""previous_occurrence"",""to_ref"":""nan"",""type"":""SS"",""lag_days"":0,""severity"":""soft""}]",[],2133,Low,Generated from fuel-aligned catalog
SUST_plant_eia-10018-0_66d132_tracker_inspection_&_rea,plant_eia-10020-0_6bff7e,Tracker inspection & realignment,540,16,plantStartPlusLead,"[{""resource_id"":""mech_crew"",""qty_per_day"":8.0,""duration_days"":16,""start_offset_days"":0}]","[{""component"":""Tracker gearbox/actuator assembly"",""vendor_type"":""OEM/aftermarket"",""lead_time_days"":55,""expedite_days"":16,""unit_cost_estimate_usd"":2984,""procurement_start_date"":NaN},{""component"":""Limit switches & proximity sensors"",""vendor_type"":""Instrumentation"",""lead_time_days"":28,""expedite_days"":10,""unit_cost_estimate_usd"":376,""procurement_start_date"":NaN},{""component"":""Hinge pins & bushings kit"",""vendor_type"":""OEM/aftermarket"",""lead_time_days"":39,""expedite_days"":9,""unit_cost_estimate_usd"":1045,""procurement_start_date"":NaN}]","[{""to_kind"":""need"",""to_ref"":""SUST_plant_eia-10018-0_66d132_inverter_preventative_ma"",""type"":""SS"",""lag_days"":0,""severity"":""soft""},{""to_kind"":""need"",""to_ref"":""SUST_plant_eia-10018-0_66d132_pv_array_cleaning_&_repa"",""type"":""SS"",""lag_days"":0,""severity"":""soft""},{""to_kind"":""need"",""to_ref"":""SUST_plant_eia-10018-0_66d132_inverter_preventative_ma"",""type"":""SS"",""lag_days"":7,""severity"":""soft""},{""to_kind"":""need"",""to_ref"":""SUST_plant_eia-10018-0_66d132_pv_array_cleaning_&_repa"",""type"":""SS"",""lag_days"":7,""severity"":""soft""},{""to_kind"":""previous_occurrence"",""to_ref"":""nan"",""type"":""SS"",""lag_days"":0,""severity"":""soft""}]",[],2643,Low,Generated from fuel-aligned catalog
SUST_plant_eia-10020-0_6bff7e_brine_pumps/heat_exchang,plant_eia-10020-0_6bff7e,Brine pumps/heat exchanger clean,540,12,plantStartPlusLead,"[{""resource_id"":""mech_crew"",""qty_per_day"":9.0,""duration_days"":12,""start_offset_days"":0}]","[{""component"":""Bearing kits"",""vendor_type"":""Industrial distributor"",""lead_time_days"":39,""expedite_days"":10,""unit_cost_estimate_usd"":994,""procurement_start_date"":NaN},{""component"":""Fasteners & gaskets kit"",""vendor_type"":""Industrial distributor"",""lead_time_days"":22,""expedite_days"":7,""unit_cost_estimate_usd"":355,""procurement_start_date"":NaN},{""component"":""Electrical consumables"",""vendor_type"":""Electrical distributor"",""lead_time_days"":8,""expedite_days"":5,""unit_cost_estimate_usd"":320,""procurement_start_date"":NaN}]","[{""to_kind"":""need"",""to_ref"":""SUST_plant_eia-10018-0_66d132_inverter_preventative_ma"",""type"":""SS"",""lag_days"":0,""severity"":""soft""},{""to_kind"":""need"",""to_ref"":""SUST_plant_eia-10018-0_66d132_pv_array_cleaning_&_repa"",""type"":""SS"",""lag_days"":0,""severity"":""soft""},{""to_kind"":""need"",""to_ref"":""SUST_plant_eia-10018-0_66d132_tracker_inspection_&_rea"",""type"":""FS"",""lag_days"":3,""severity"":""soft""}]",[],1001.4,Medium,Generated from fuel-aligned catalog
SUST_plant_eia-10020-0_6bff7e_wellfield_inspection_&_w,plant_eia-10020-0_6bff7e,Wellfield inspection & workover,720,42,plantStartPlusLead,"[{""resource_id"":""mech_crew"",""qty_per_day"":1.0,""duration_days"":42,""start_offset_days"":0}]","[{""component"":""Bearing kits"",""vendor_type"":""Industrial distributor"",""lead_time_days"":29,""expedite_days"":14,""unit_cost_estimate_usd"":1037,""procurement_start_date"":NaN},{""component"":""Fasteners & gaskets kit"",""vendor_type"":""Industrial distributor"",""lead_time_days"":23,""expedite_days"":10,""unit_cost_estimate_usd"":230,""procurement_start_date"":NaN},{""component"":""Electrical consumables"",""vendor_type"":""Electrical distributor"",""lead_time_days"":13,""expedite_days"":2,""unit_cost_estimate_usd"":351,""procurement_start_date"":NaN}]","[{""to_kind"":""need"",""to_ref"":""SUST_plant_eia-10018-0_66d132_tracker_inspection_&_rea"",""type"":""SS"",""lag_days"":0,""severity"":""soft""},{""to_kind"":""need"",""to_ref"":""SUST_plant_eia-10018-0_66d132_tracker_inspection_&_rea"",""type"":""SS"",""lag_days"":7,""severity"":""soft""},{""to_kind"":""need"",""to_ref"":""SUST_plant_eia-10018-0_66d132_tracker_inspection_&_rea"",""type"":""FS"",""lag_days"":3,""severity"":""soft""},{""to_kind"":""need"",""to_ref"":""SUST_plant_eia-10020-0_6bff7e_brine_pumps/heat_exchang"",""type"":""SS"",""lag_days"":0,""severity"":""soft""}]",[],970.8,Medium,Generated from fuel-aligned catalog
SUST_plant_eia-10024-0_680a25_combustor_hardware_refre,plant_gpc-bartletts-ferry-5-6_58bb51,Spillway & gate maintenance,720,5,plantStartPlusLead,"[{""resource_id"":""mech_crew"",""qty_per_day"":1.0,""duration_days"":4,""start_offset_days"":0},{""resource_id"":""electrician"",""qty_per_day"":1.0,""duration_days"":4,""start_offset_days"":0}]","[{""component"":""Bearing kits"",""vendor_type"":""Industrial distributor"",""lead_time_days"":42,""expedite_days"":9,""unit_cost_estimate_usd"":657,""procurement_start_date"":NaN},{""component"":""Fasteners & gaskets kit"",""vendor_type"":""Industrial distributor"",""lead_time_days"":22,""expedite_days"":5,""unit_cost_estimate_usd"":594,""procurement_start_date"":NaN},{""component"":""Electrical consumables"",""vendor_type"":""Electrical distributor"",""lead_time_days"":7,""expedite_days"":3,""unit_cost_estimate_usd"":210,""procurement_start_date"":NaN}]","[{""to_kind"":""previous_occurrence"",""to_ref"":null,""type"":""FS"",""lag_days"":0,""severity"":""hard""}]",[],876.6,Medium,Generated from fuel-aligned catalog
SUST_plant_eia-10024-0_680a25_generator_inspection,plant_gpc-bartletts-ferry-5-6_58bb51,Turbine/generator runner inspection,720,9,plantStartPlusLead,"[{""resource_id"":""electrician"",""qty_per_day"":1.23,""duration_days"":10,""start_offset_days"":0},{""resource_id"":""mech_crew"",""qty_per_day"":1.12,""duration_days"":10,""start_offset_days"":0},{""resource_id"":""rigger_crew"",""qty_per_day"":1.26,""duration_days"":11,""start_offset_days"":0}]","[{""component"":""Hydrogen seal kit"",""vendor_type"":""OEM/aftermarket"",""lead_time_days"":57,""expedite_days"":24,""unit_cost_estimate_usd"":22656,""procurement_start_date"":NaN},{""component"":""Stator RTDs"",""vendor_type"":""Instrumentation"",""lead_time_days"":31,""expedite_days"":7,""unit_cost_estimate_usd"":194,""procurement_start_date"":NaN},{""component"":""Wedge/slot fillers"",""vendor_type"":""OEM/aftermarket"",""lead_time_days"":37,""expedite_days"":16,""unit_cost_estimate_usd"":4993,""procurement_start_date"":NaN}]","[{""to_kind"":""previous_occurrence"",""to_ref"":null,""type"":""FS"",""lag_days"":0,""severity"":""hard""}]",[],16705.8,Medium,Generated from fuel-aligned catalog
SUST_PLANT_GASTON_U2_containment_inspection,PLANT_GASTON_U2,Containment inspection,720,16,plantStartPlusLead,"[{""resource_id"":""civil"",""qty_per_day"":1.0,""duration_days"":16,""start_offset_days"":0},{""resource_id"":""mech_crew"",""qty_per_day"":1.0,""duration_days"":16,""start_offset_days"":0}]","[{""component"":""Bearing kits"",""vendor_type"":""Industrial distributor"",""lead_time_days"":37,""expedite_days"":9,""unit_cost_estimate_usd"":307,""procurement_start_date"":NaN},{""component"":""Fasteners & gaskets kit"",""vendor_type"":""Industrial distributor"",""lead_time_days"":25,""expedite_days"":10,""unit_cost_estimate_usd"":525,""procurement_start_date"":NaN},{""component"":""Electrical consumables"",""vendor_type"":""Electrical distributor"",""lead_time_days"":8,""expedite_days"":2,""unit_cost_estimate_usd"":209,""procurement_start_date"":NaN}]","[{""to_kind"":""previous_occurrence"",""to_ref"":null,""type"":""FS"",""lag_days"":0,""severity"":""hard""}]",[],624.6,Medium,Generated from fuel-aligned catalog
SUST_PLANT_GASTON_U2_refueling_outage_scope,PLANT_GASTON_U2,Refueling outage scope,540,13,plantStartPlusLead,"[{""resource_id"":""electrical"",""qty_per_day"":1.0,""duration_days"":13,""start_offset_days"":0},{""resource_id"":""mech_crew"",""qty_per_day"":1.0,""duration_days"":13,""start_offset_days"":0},{""resource_id"":""nuclear"",""qty_per_day"":1.0,""duration_days"":13,""start_offset_days"":0}]","[{""component"":""Bearing kits"",""vendor_type"":""Industrial distributor"",""lead_time_days"":37,""expedite_days"":13,""unit_cost_estimate_usd"":372,""procurement_start_date"":NaN},{""component"":""Fasteners & gaskets kit"",""vendor_type"":""Industrial distributor"",""lead_time_days"":18,""expedite_days"":8,""unit_cost_estimate_usd"":452,""procurement_start_date"":NaN},{""component"":""Electrical consumables"",""vendor_type"":""Electrical distributor"",""lead_time_days"":15,""expedite_days"":2,""unit_cost_estimate_usd"":482,""procurement_start_date"":NaN}]","[{""to_kind"":""previous_occurrence"",""to_ref"":null,""type"":""FS"",""lag_days"":0,""severity"":""hard""}]",[],783.6,Medium,Generated from fuel-aligned catalog
SUST_PLANT_GASTON_U2_steam_generator_tube_ins,PLANT_GASTON_U2,Steam generator tube inspection,720,20,plantStartPlusLead,"[{""resource_id"":""NDT"",""qty_per_day"":1.0,""duration_days"":20,""start_offset_days"":0},{""resource_id"":""mech_crew"",""qty_per_day"":1.0,""duration_days"":20,""start_offset_days"":0}]","[{""component"":""Hydrogen seal kit"",""vendor_type"":""OEM/aftermarket"",""lead_time_days"":62,""expedite_days"":15,""unit_cost_estimate_usd"":29302,""procurement_start_date"":NaN},{""component"":""Stator RTDs"",""vendor_type"":""Instrumentation"",""lead_time_days"":29,""expedite_days"":9,""unit_cost_estimate_usd"":283,""procurement_start_date"":NaN},{""component"":""Wedge/slot fillers"",""vendor_type"":""OEM/aftermarket"",""lead_time_days"":60,""expedite_days"":18,""unit_cost_estimate_usd"":4707,""procurement_start_date"":NaN}]","[{""to_kind"":""previous_occurrence"",""to_ref"":null,""type"":""FS"",""lag_days"":0,""severity"":""hard""}]",[],20575.2,Medium,Generated from fuel-aligned catalog
SUST_PLANT_GASTON_U3_blade_inspection_&_repai,PLANT_GASTON_U3,Blade inspection & repair,360,23,plantStartPlusLead,"[{""resource_id"":""blade"",""qty_per_day"":1.0,""duration_days"":23,""start_offset_days"":0},{""resource_id"":""rope"",""qty_per_day"":1.0,""duration_days"":23,""start_offset_days"":0}]","[{""component"":""Bearing kits"",""vendor_type"":""Industrial distributor"",""lead_time_days"":32,""expedite_days"":14,""unit_cost_estimate_usd"":364,""procurement_start_date"":NaN},{""component"":""Fasteners & gaskets kit"",""vendor_type"":""Industrial distributor"",""lead_time_days"":24,""expedite_days"":9,""unit_cost_estimate_usd"":217,""procurement_start_date"":NaN},{""component"":""Electrical consumables"",""vendor_type"":""Electrical distributor"",""lead_time_days"":17,""expedite_days"":3,""unit_cost_estimate_usd"":498,""procurement_start_date"":NaN}]","[{""to_kind"":""previous_occurrence"",""to_ref"":""nan"",""type"":""FS"",""lag_days"":3,""severity"":""soft""},{""to_kind"":""need"",""to_ref"":""SUST_PLANT_GASTON_U3_main_bearing_inspection"",""type"":""FS"",""lag_days"":3,""severity"":""soft""},{""to_kind"":""previous_occurrence"",""to_ref"":""nan"",""type"":""SS"",""lag_days"":0,""severity"":""soft""}]",[],647.4,Medium,Generated from fuel-aligned catalog
SUST_PLANT_GASTON_U3_gearbox_oil_change,PLANT_GASTON_U3,Gearbox oil change,720,8,plantStartPlusLead,"[{""resource_id"":""mech_crew"",""qty_per_day"":8.0,""duration_days"":8,""start_offset_days"":0}]","[{""component"":""Bearing kits"",""vendor_type"":""Industrial distributor"",""lead_time_days"":45,""expedite_days"":8,""unit_cost_estimate_usd"":837,""procurement_start_date"":NaN},{""component"":""Fasteners & gaskets kit"",""vendor_type"":""Industrial distributor"",""lead_time_days"":16,""expedite_days"":8,""unit_cost_estimate_usd"":516,""procurement_start_date"":NaN},{""component"":""Electrical consumables"",""vendor_type"":""Electrical distributor"",""lead_time_days"":8,""expedite_days"":5,""unit_cost_estimate_usd"":369,""procurement_start_date"":NaN}]","[{""to_kind"":""need"",""to_ref"":""SUST_PLANT_GASTON_U3_blade_inspection_&_repai"",""type"":""SS"",""lag_days"":0,""severity"":""soft""},{""to_kind"":""need"",""to_ref"":""SUST_PLANT_GASTON_U3_main_bearing_inspection"",""type"":""SS"",""lag_days"":7,""severity"":""soft""},{""to_kind"":""need"",""to_ref"":""SUST_PLANT_GASTON_U3_blade_inspection_&_repai"",""type"":""SS"",""lag_days"":7,""severity"":""soft""},{""to_kind"":""previous_occurrence"",""to_ref"":""nan"",""type"":""SS"",""lag_days"":0,""severity"":""soft""}]",[],1033.2,Medium,Generated from fuel-aligned catalog
SUST_PLANT_GASTON_U3_main_bearing_inspection,PLANT_GASTON_U3,Main bearing inspection,720,10,plantStartPlusLead,"[{""resource_id"":""mech_crew"",""qty_per_day"":9.0,""duration_days"":10,""start_offset_days"":0}]","[{""component"":""Bearing kits"",""vendor_type"":""Industrial distributor"",""lead_time_days"":41,""expedite_days"":11,""unit_cost_estimate_usd"":502,""procurement_start_date"":NaN},{""component"":""Fasteners & gaskets kit"",""vendor_type"":""Industrial distributor"",""lead_time_days"":28,""expedite_days"":6,""unit_cost_estimate_usd"":470,""procurement_start_date"":NaN},{""component"":""Electrical consumables"",""vendor_type"":""Electrical distributor"",""lead_time_days"":18,""expedite_days"":3,""unit_cost_estimate_usd"":225,""procurement_start_date"":NaN}]","[{""to_kind"":""need"",""to_ref"":""SUST_PLANT_GASTON_U3_blade_inspection_&_repai"",""type"":""SS"",""lag_days"":0,""severity"":""soft""},{""to_kind"":""need"",""to_ref"":""SUST_PLANT_GASTON_U3_gearbox_oil_change"",""type"":""SS"",""lag_days"":0,""severity"":""soft""},{""to_kind"":""need"",""to_ref"":""SUST_PLANT_GASTON_U3_gearbox_oil_change"",""type"":""SS"",""lag_days"":7,""severity"":""soft""},{""to_kind"":""need"",""to_ref"":""SUST_PLANT_GASTON_U3_blade_inspection_&_repai"",""type"":""SS"",""lag_days"":7,""severity"":""soft""},{""to_kind"":""previous_occurrence"",""to_ref"":""nan"",""type"":""SS"",""lag_days"":0,""severity"":""soft""}]",[],718.2,Medium,Generated from fuel-aligned catalog
SUST_plant_gpc-mcintosh-8a_300994_combustor_hardware_refre,plant_gpc-mcintosh-10-11_5a49a9,Combustor hardware refresh,720,18,plantStartPlusLead,"[{""resource_id"":""GT"",""qty_per_day"":1.0,""duration_days"":27,""start_offset_days"":0},{""resource_id"":""mech_crew"",""qty_per_day"":7.0,""duration_days"":10,""start_offset_days"":0}]","[{""component"":""Combustor liner kit"",""vendor_type"":""OEM/aftermarket"",""lead_time_days"":177,""expedite_days"":51,""unit_cost_estimate_usd"":123893,""procurement_start_date"":NaN},{""component"":""Transition piece"",""vendor_type"":""OEM/aftermarket"",""lead_time_days"":119,""expedite_days"":34,""unit_cost_estimate_usd"":129673,""procurement_start_date"":NaN},{""component"":""Igniters & flame detectors"",""vendor_type"":""Instrumentation"",""lead_time_days"":30,""expedite_days"":8,""unit_cost_estimate_usd"":3182,""procurement_start_date"":NaN}]","[{""to_kind"":""need"",""to_ref"":""SUST_plant_gpc-mcintosh-8a_300994_gas_turbine_borescope_&_"",""type"":""SS"",""lag_days"":7,""severity"":""soft""},{""to_kind"":""previous_occurrence"",""to_ref"":""nan"",""type"":""SS"",""lag_days"":0,""severity"":""soft""}]",[],154048.8,High,Generated from fuel-aligned catalog
SUST_plant_gpc-mcintosh-8a_300994_gas_turbine_borescope_&_,plant_gpc-mcintosh-10-11_5a49a9,Gas turbine borescope & hot-section insp.,360,13,plantStartPlusLead,"[{""resource_id"":""GT"",""qty_per_day"":1.0,""duration_days"":17,""start_offset_days"":0},{""resource_id"":""mech_crew"",""qty_per_day"":7.0,""duration_days"":9,""start_offset_days"":0}]","[{""component"":""Borescope probe"",""vendor_type"":""NDT supplier"",""lead_time_days"":25,""expedite_days"":11,""unit_cost_estimate_usd"":7043,""procurement_start_date"":NaN},{""component"":""Borescope rental"",""vendor_type"":""Rental services"",""lead_time_days"":10,""expedite_days"":3,""unit_cost_estimate_usd"":1789,""procurement_start_date"":NaN},{""component"":""Inspection port seals"",""vendor_type"":""OEM/aftermarket"",""lead_time_days"":27,""expedite_days"":10,""unit_cost_estimate_usd"":646,""procurement_start_date"":NaN}]","[{""to_kind"":""need"",""to_ref"":""SUST_plant_gpc-mcintosh-8a_300994_combustor_hardware_refre"",""type"":""SS"",""lag_days"":0,""severity"":""soft""},{""to_kind"":""need"",""to_ref"":""SUST_plant_gpc-mcintosh-8a_300994_combustor_hardware_refre"",""type"":""SS"",""lag_days"":7,""severity"":""soft""},{""to_kind"":""need"",""to_ref"":""SUST_plant_gpc-mcintosh-8a_300994_generator_inspection"",""type"":""FS"",""lag_days"":3,""severity"":""soft""},{""to_kind"":""previous_occurrence"",""to_ref"":""nan"",""type"":""SS"",""lag_days"":0,""severity"":""soft""}]",[],5686.8,Medium,Generated from fuel-aligned catalog
SUST_plant_gpc-mcintosh-8a_300994_generator_inspection,plant_gpc-mcintosh-10-11_5a49a9,Generator inspection,1080,23,plantStartPlusLead,"[{""resource_id"":""electrical"",""qty_per_day"":1.0,""duration_days"":23,""start_offset_days"":0}]","[{""component"":""Hydrogen seal kit"",""vendor_type"":""OEM/aftermarket"",""lead_time_days"":70,""expedite_days"":21,""unit_cost_estimate_usd"":17617,""procurement_start_date"":NaN},{""component"":""Stator RTDs"",""vendor_type"":""Instrumentation"",""lead_time_days"":28,""expedite_days"":7,""unit_cost_estimate_usd"":457,""procurement_start_date"":NaN},{""component"":""Wedge/slot fillers"",""vendor_type"":""OEM/aftermarket"",""lead_time_days"":49,""expedite_days"":12,""unit_cost_estimate_usd"":4508,""procurement_start_date"":NaN}]","[{""to_kind"":""need"",""to_ref"":""SUST_plant_gpc-mcintosh-8a_300994_combustor_hardware_refre"",""type"":""SS"",""lag_days"":0,""severity"":""soft""},{""to_kind"":""need"",""to_ref"":""SUST_plant_gpc-mcintosh-8a_300994_gas_turbine_borescope_&_"",""type"":""SS"",""lag_days"":0,""severity"":""soft""},{""to_kind"":""need"",""to_ref"":""SUST_plant_gpc-mcintosh-8a_300994_combustor_hardware_refre"",""type"":""SS"",""lag_days"":7,""severity"":""soft""},{""to_kind"":""need"",""to_ref"":""SUST_plant_gpc-mcintosh-8a_300994_gas_turbine_borescope_&_"",""type"":""SS"",""lag_days"":7,""severity"":""soft""},{""to_kind"":""previous_occurrence"",""to_ref"":""nan"",""type"":""SS"",""lag_days"":0,""severity"":""soft""}]",[],13549.2,Medium,Generated from fuel-aligned catalog
SUST_plant_gpc-morgan-falls_850259_gas_turbine_borescope_&_,plant_gpc-morgan-falls_850259,Gas turbine borescope & hot-section insp.,360,11,plantStartPlusLead,"[{""resource_id"":""GT"",""qty_per_day"":1.0,""duration_days"":13,""start_offset_days"":0},{""resource_id"":""mech_crew"",""qty_per_day"":8.0,""duration_days"":9,""start_offset_days"":0}]","[{""component"":""Borescope probe"",""vendor_type"":""NDT supplier"",""lead_time_days"":31,""expedite_days"":7,""unit_cost_estimate_usd"":6449,""procurement_start_date"":NaN},{""component"":""Borescope rental"",""vendor_type"":""Rental services"",""lead_time_days"":13,""expedite_days"":5,""unit_cost_estimate_usd"":2055,""procurement_start_date"":NaN},{""component"":""Inspection port seals"",""vendor_type"":""OEM/aftermarket"",""lead_time_days"":15,""expedite_days"":5,""unit_cost_estimate_usd"":200,""procurement_start_date"":NaN}]","[{""to_kind"":""need"",""to_ref"":""SUST_plant_gpc-morgan-falls_850259_hrsg_tube_cleaning_&_ins"",""type"":""SS"",""lag_days"":0,""severity"":""soft""},{""to_kind"":""need"",""to_ref"":""SUST_plant_gpc-morgan-falls_850259_hrsg_tube_cleaning_&_ins"",""type"":""SS"",""lag_days"":7,""severity"":""soft""},{""to_kind"":""need"",""to_ref"":""SUST_plant_gpc-morgan-falls_850259_generator_inspection"",""type"":""FS"",""lag_days"":3,""severity"":""soft""},{""to_kind"":""need"",""to_ref"":""SUST_plant_gpc-morgan-falls_850259_hrsg_tube_cleaning_&_ins"",""type"":""FS"",""lag_days"":3,""severity"":""soft""},{""to_kind"":""previous_occurrence"",""to_ref"":""nan"",""type"":""SS"",""lag_days"":0,""severity"":""soft""}]",[],5222.4,Medium,Generated from fuel-aligned catalog
SUST_plant_gpc-morgan-falls_850259_generator_inspection,plant_gpc-morgan-falls_850259,Generator inspection,1080,19,plantStartPlusLead,"[{""resource_id"":""electrical"",""qty_per_day"":1.0,""duration_days"":19,""start_offset_days"":0}]","[{""component"":""Hydrogen seal kit"",""vendor_type"":""OEM/aftermarket"",""lead_time_days"":71,""expedite_days"":21,""unit_cost_estimate_usd"":12990,""procurement_start_date"":NaN},{""component"":""Stator RTDs"",""vendor_type"":""Instrumentation"",""lead_time_days"":21,""expedite_days"":10,""unit_cost_estimate_usd"":188,""procurement_start_date"":NaN},{""component"":""Wedge/slot fillers"",""vendor_type"":""OEM/aftermarket"",""lead_time_days"":54,""expedite_days"":19,""unit_cost_estimate_usd"":4479,""procurement_start_date"":NaN}]","[{""to_kind"":""need"",""to_ref"":""SUST_plant_gpc-morgan-falls_850259_gas_turbine_borescope_&_"",""type"":""SS"",""lag_days"":0,""severity"":""soft""},{""to_kind"":""need"",""to_ref"":""SUST_plant_gpc-morgan-falls_850259_gas_turbine_borescope_&_"",""type"":""SS"",""lag_days"":7,""severity"":""soft""},{""to_kind"":""previous_occurrence"",""to_ref"":""nan"",""type"":""SS"",""lag_days"":0,""severity"":""soft""}]",[],10594.2,Medium,Generated from fuel-aligned catalog
SUST_plant_gpc-morgan-falls_850259_hrsg_tube_cleaning_&_ins,plant_gpc-morgan-falls_850259,HRSG tube cleaning & inspection,540,18,plantStartPlusLead,"[{""resource_id"":""NDT"",""qty_per_day"":1.0,""duration_days"":17,""start_offset_days"":0},{""resource_id"":""mech_crew"",""qty_per_day"":8.0,""duration_days"":18,""start_offset_days"":0}]","[{""component"":""Sootblower nozzles"",""vendor_type"":""OEM/aftermarket"",""lead_time_days"":58,""expedite_days"":19,""unit_cost_estimate_usd"":3102,""procurement_start_date"":NaN},{""component"":""HRSG cleaning solvent"",""vendor_type"":""Specialty chemical"",""lead_time_days"":21,""expedite_days"":10,""unit_cost_estimate_usd"":8175,""procurement_start_date"":NaN},{""component"":""HP wash pump rental"",""vendor_type"":""Rental services"",""lead_time_days"":12,""expedite_days"":5,""unit_cost_estimate_usd"":1340,""procurement_start_date"":NaN}]","[{""to_kind"":""need"",""to_ref"":""SUST_plant_gpc-morgan-falls_850259_gas_turbine_borescope_&_"",""type"":""SS"",""lag_days"":0,""severity"":""soft""},{""to_kind"":""need"",""to_ref"":""SUST_plant_gpc-morgan-falls_850259_generator_inspection"",""type"":""SS"",""lag_days"":0,""severity"":""soft""},{""to_kind"":""need"",""to_ref"":""SUST_plant_gpc-morgan-falls_850259_generator_inspection"",""type"":""FS"",""lag_days"":3,""severity"":""soft""},{""to_kind"":""previous_occurrence"",""to_ref"":""nan"",""type"":""FS"",""lag_days"":3,""severity"":""soft""},{""to_kind"":""need"",""to_ref"":""SUST_plant_gpc-morgan-falls_850259_gas_turbine_borescope_&_"",""type"":""SS"",""lag_days"":7,""severity"":""soft""},{""to_kind"":""need"",""to_ref"":""SUST_plant_gpc-morgan-falls_850259_generator_inspection"",""type"":""SS"",""lag_days"":7,""severity"":""soft""},{""to_kind"":""previous_occurrence"",""to_ref"":""nan"",""type"":""SS"",""lag_days"":0,""severity"":""soft""}]",[],7570.2,Medium,Generated from fuel-aligned catalog
SUST_plant_gpc-morgan-falls_850259_spillway_&_gate_maintena,plant_eia-10011-0_9f15f6,Spillway & gate maintenance,720,11,plantStartPlusLead,"[{""resource_id"":""civil"",""qty_per_day"":1.0,""duration_days"":11,""start_offset_days"":0},{""resource_id"":""mech_crew"",""qty_per_day"":7.0,""duration_days"":11,""start_offset_days"":0}]","[{""component"":""Bearing kits"",""vendor_type"":""Industrial distributor"",""lead_time_days"":45,""expedite_days"":8,""unit_cost_estimate_usd"":368,""procurement_start_date"":NaN},{""component"":""Fasteners & gaskets kit"",""vendor_type"":""Industrial distributor"",""lead_time_days"":17,""expedite_days"":7,""unit_cost_estimate_usd"":532,""procurement_start_date"":NaN},{""component"":""Electrical consumables"",""vendor_type"":""Electrical distributor"",""lead_time_days"":20,""expedite_days"":3,""unit_cost_estimate_usd"":217,""procurement_start_date"":NaN}]","[{""to_kind"":""need"",""to_ref"":""SUST_plant_gpc-morgan-falls_850259_turbine/generator_runner"",""type"":""SS"",""lag_days"":7,""severity"":""soft""},{""to_kind"":""need"",""to_ref"":""SUST_plant_southern-power-hatch_586d93_spillway_&_gate_maintena"",""type"":""SS"",""lag_days"":7,""severity"":""soft""},{""to_kind"":""need"",""to_ref"":""SUST_plant_southern-power-hatch_586d93_turbine/generator_runner"",""type"":""SS"",""lag_days"":7,""severity"":""soft""},{""to_kind"":""previous_occurrence"",""to_ref"":""nan"",""type"":""SS"",""lag_days"":0,""severity"":""soft""}]",[],670.2,Medium,Generated from fuel-aligned catalog
SUST_plant_gpc-morgan-falls_850259_turbine/generator_runner,plant_eia-10011-0_9f15f6,Turbine/generator runner inspection,720,14,plantStartPlusLead,"[{""resource_id"":""electrical"",""qty_per_day"":1.0,""duration_days"":16,""start_offset_days"":0},{""resource_id"":""mech_crew"",""qty_per_day"":9.0,""duration_days"":12,""start_offset_days"":0}]","[{""component"":""Hydrogen seal kit"",""vendor_type"":""OEM/aftermarket"",""lead_time_days"":61,""expedite_days"":21,""unit_cost_estimate_usd"":13047,""procurement_start_date"":NaN},{""component"":""Stator RTDs"",""vendor_type"":""Instrumentation"",""lead_time_days"":34,""expedite_days"":8,""unit_cost_estimate_usd"":442,""procurement_start_date"":NaN},{""component"":""Wedge/slot fillers"",""vendor_type"":""OEM/aftermarket"",""lead_time_days"":46,""expedite_days"":17,""unit_cost_estimate_usd"":2575,""procurement_start_date"":NaN}]","[{""to_kind"":""need"",""to_ref"":""SUST_plant_gpc-morgan-falls_850259_spillway_&_gate_maintena"",""type"":""SS"",""lag_days"":0,""severity"":""soft""},{""to_kind"":""need"",""to_ref"":""SUST_plant_southern-power-hatch_586d93_spillway_&_gate_maintena"",""type"":""SS"",""lag_days"":7,""severity"":""soft""},{""to_kind"":""need"",""to_ref"":""SUST_plant_gpc-morgan-falls_850259_spillway_&_gate_maintena"",""type"":""SS"",""lag_days"":7,""severity"":""soft""},{""to_kind"":""previous_occurrence"",""to_ref"":""nan"",""type"":""SS"",""lag_days"":0,""severity"":""soft""}]",[],9638.4,Medium,Generated from fuel-aligned catalog
SUST_plant_gpc-southern-power-nan_1ed779_inverter_preventative_ma,plant_eia-10018-0_66d132,Inverter preventative maintenance,360,24,plantStartPlusLead,"[{""resource_id"":""electrical"",""qty_per_day"":1.0,""duration_days"":24,""start_offset_days"":0}]","[{""component"":""Inverter fan module set"",""vendor_type"":""OEM/aftermarket"",""lead_time_days"":40,""expedite_days"":11,""unit_cost_estimate_usd"":2010,""procurement_start_date"":NaN},{""component"":""DC filter capacitors kit"",""vendor_type"":""OEM/aftermarket"",""lead_time_days"":53,""expedite_days"":17,""unit_cost_estimate_usd"":4365,""procurement_start_date"":NaN},{""component"":""Control/IGBT driver boards (spares)"",""vendor_type"":""OEM/aftermarket"",""lead_time_days"":68,""expedite_days"":12,""unit_cost_estimate_usd"":3196,""procurement_start_date"":NaN}]","[{""to_kind"":""need"",""to_ref"":""SUST_plant_gpc-southern-power-nan_1ed779_tracker_inspection_&_rea"",""type"":""SS"",""lag_days"":0,""severity"":""soft""},{""to_kind"":""previous_occurrence"",""to_ref"":""nan"",""type"":""SS"",""lag_days"":0,""severity"":""soft""}]",[],5742.6,Low,Generated from fuel-aligned catalog
SUST_plant_gpc-southern-power-nan_1ed779_pv_array_cleaning_&_repa,plant_eia-10018-0_66d132,PV array cleaning & repair,360,13,plantStartPlusLead,"[{""resource_id"":""technicians"",""qty_per_day"":1.0,""duration_days"":13,""start_offset_days"":0}]","[{""component"":""Deionized water supply (bulk tote)"",""vendor_type"":""Specialty chemical"",""lead_time_days"":12,""expedite_days"":2,""unit_cost_estimate_usd"":1853,""procurement_start_date"":NaN},{""component"":""Wetting agent / surfactant"",""vendor_type"":""Specialty chemical"",""lead_time_days"":10,""expedite_days"":4,""unit_cost_estimate_usd"":306,""procurement_start_date"":NaN},{""component"":""Rotary brush heads (array cleaning)"",""vendor_type"":""OEM/aftermarket"",""lead_time_days"":29,""expedite_days"":8,""unit_cost_estimate_usd"":2208,""procurement_start_date"":NaN}]","[{""to_kind"":""need"",""to_ref"":""SUST_plant_gpc-southern-power-nan_1ed779_inverter_preventative_ma"",""type"":""SS"",""lag_days"":0,""severity"":""soft""},{""to_kind"":""need"",""to_ref"":""SUST_plant_gpc-southern-power-nan_1ed779_tracker_inspection_&_rea"",""type"":""SS"",""lag_days"":0,""severity"":""soft""},{""to_kind"":""need"",""to_ref"":""SUST_plant_gpc-southern-power-nan_1ed779_tracker_inspection_&_rea"",""type"":""FS"",""lag_days"":3,""severity"":""soft""},{""to_kind"":""need"",""to_ref"":""SUST_plant_gpc-southern-power-nan_1ed779_inverter_preventative_ma"",""type"":""SS"",""lag_days"":7,""severity"":""soft""},{""to_kind"":""previous_occurrence"",""to_ref"":""nan"",""type"":""SS"",""lag_days"":0,""severity"":""soft""}]",[],2620.2,Low,Generated from fuel-aligned catalog
SUST_plant_gpc-southern-power-nan_1ed779_tracker_inspection_&_rea,plant_eia-10018-0_66d132,Tracker inspection & realignment,540,23,plantStartPlusLead,"[{""resource_id"":""mech_crew"",""qty_per_day"":9.0,""duration_days"":23,""start_offset_days"":0}]","[{""component"":""Tracker gearbox/actuator assembly"",""vendor_type"":""OEM/aftermarket"",""lead_time_days"":61,""expedite_days"":19,""unit_cost_estimate_usd"":7596,""procurement_start_date"":NaN},{""component"":""Limit switches & proximity sensors"",""vendor_type"":""Instrumentation"",""lead_time_days"":26,""expedite_days"":7,""unit_cost_estimate_usd"":393,""procurement_start_date"":NaN},{""component"":""Hinge pins & bushings kit"",""vendor_type"":""OEM/aftermarket"",""lead_time_days"":25,""expedite_days"":8,""unit_cost_estimate_usd"":1083,""procurement_start_date"":NaN}]","[{""to_kind"":""need"",""to_ref"":""SUST_plant_gpc-southern-power-nan_1ed779_inverter_preventative_ma"",""type"":""SS"",""lag_days"":0,""severity"":""soft""},{""to_kind"":""need"",""to_ref"":""SUST_plant_gpc-southern-power-nan_1ed779_pv_array_cleaning_&_repa"",""type"":""SS"",""lag_days"":0,""severity"":""soft""},{""to_kind"":""need"",""to_ref"":""SUST_plant_gpc-southern-power-nan_1ed779_inverter_preventative_ma"",""type"":""SS"",""lag_days"":7,""severity"":""soft""},{""to_kind"":""need"",""to_ref"":""SUST_plant_gpc-southern-power-nan_1ed779_pv_array_cleaning_&_repa"",""type"":""SS"",""lag_days"":7,""severity"":""soft""},{""to_kind"":""previous_occurrence"",""to_ref"":""nan"",""type"":""SS"",""lag_days"":0,""severity"":""soft""}]",[],5443.2,Low,Generated from fuel-aligned catalog
SUST_plant_southern-power-gpc-sinclair_de80ca_blade_inspection_&_repai,plant_southern-power-gpc-sinclair_de80ca,Blade inspection & repair,360,20,plantStartPlusLead,"[{""resource_id"":""blade"",""qty_per_day"":1.0,""duration_days"":20,""start_offset_days"":0},{""resource_id"":""rope"",""qty_per_day"":1.0,""duration_days"":20,""start_offset_days"":0}]","[{""component"":""Bearing kits"",""vendor_type"":""Industrial distributor"",""lead_time_days"":41,""expedite_days"":13,""unit_cost_estimate_usd"":732,""procurement_start_date"":NaN},{""component"":""Fasteners & gaskets kit"",""vendor_type"":""Industrial distributor"",""lead_time_days"":23,""expedite_days"":6,""unit_cost_estimate_usd"":200,""procurement_start_date"":NaN},{""component"":""Electrical consumables"",""vendor_type"":""Electrical distributor"",""lead_time_days"":21,""expedite_days"":4,""unit_cost_estimate_usd"":327,""procurement_start_date"":NaN}]","[{""to_kind"":""previous_occurrence"",""to_ref"":""nan"",""type"":""FS"",""lag_days"":3,""severity"":""soft""},{""to_kind"":""need"",""to_ref"":""SUST_plant_southern-power-gpc-sinclair_de80ca_main_bearing_inspection"",""type"":""FS"",""lag_days"":3,""severity"":""soft""},{""to_kind"":""previous_occurrence"",""to_ref"":""nan"",""type"":""SS"",""lag_days"":0,""severity"":""soft""}]",[],755.4,Medium,Generated from fuel-aligned catalog
SUST_plant_southern-power-gpc-sinclair_de80ca_gearbox_oil_change,plant_southern-power-gpc-sinclair_de80ca,Gearbox oil change,720,9,plantStartPlusLead,"[{""resource_id"":""mech_crew"",""qty_per_day"":8.0,""duration_days"":9,""start_offset_days"":0}]","[{""component"":""Bearing kits"",""vendor_type"":""Industrial distributor"",""lead_time_days"":42,""expedite_days"":8,""unit_cost_estimate_usd"":396,""procurement_start_date"":NaN},{""component"":""Fasteners & gaskets kit"",""vendor_type"":""Industrial distributor"",""lead_time_days"":26,""expedite_days"":7,""unit_cost_estimate_usd"":218,""procurement_start_date"":NaN},{""component"":""Electrical consumables"",""vendor_type"":""Electrical distributor"",""lead_time_days"":14,""expedite_days"":3,""unit_cost_estimate_usd"":583,""procurement_start_date"":NaN}]","[{""to_kind"":""need"",""to_ref"":""SUST_plant_southern-power-gpc-sinclair_de80ca_blade_inspection_&_repai"",""type"":""SS"",""lag_days"":0,""severity"":""soft""},{""to_kind"":""need"",""to_ref"":""SUST_plant_southern-power-gpc-sinclair_de80ca_main_bearing_inspection"",""type"":""SS"",""lag_days"":7,""severity"":""soft""},{""to_kind"":""need"",""to_ref"":""SUST_plant_southern-power-gpc-sinclair_de80ca_blade_inspection_&_repai"",""type"":""SS"",""lag_days"":7,""severity"":""soft""},{""to_kind"":""previous_occurrence"",""to_ref"":""nan"",""type"":""SS"",""lag_days"":0,""severity"":""soft""}]",[],718.2,Medium,Generated from fuel-aligned catalog
SUST_plant_southern-power-gpc-sinclair_de80ca_main_bearing_inspection,plant_southern-power-gpc-sinclair_de80ca,Main bearing inspection,720,11,plantStartPlusLead,"[{""resource_id"":""mech_crew"",""qty_per_day"":9.0,""duration_days"":11,""start_offset_days"":0}]","[{""component"":""Bearing kits"",""vendor_type"":""Industrial distributor"",""lead_time_days"":32,""expedite_days"":9,""unit_cost_estimate_usd"":389,""procurement_start_date"":NaN},{""component"":""Fasteners & gaskets kit"",""vendor_type"":""Industrial distributor"",""lead_time_days"":22,""expedite_days"":5,""unit_cost_estimate_usd"":382,""procurement_start_date"":NaN},{""component"":""Electrical consumables"",""vendor_type"":""Electrical distributor"",""lead_time_days"":8,""expedite_days"":2,""unit_cost_estimate_usd"":404,""procurement_start_date"":NaN}]","[{""to_kind"":""need"",""to_ref"":""SUST_plant_southern-power-gpc-sinclair_de80ca_blade_inspection_&_repai"",""type"":""SS"",""lag_days"":0,""severity"":""soft""},{""to_kind"":""need"",""to_ref"":""SUST_plant_southern-power-gpc-sinclair_de80ca_gearbox_oil_change"",""type"":""SS"",""lag_days"":0,""severity"":""soft""},{""to_kind"":""need"",""to_ref"":""SUST_plant_southern-power-gpc-sinclair_de80ca_blade_inspection_&_repai"",""type"":""SS"",""lag_days"":7,""severity"":""soft""},{""to_kind"":""need"",""to_ref"":""SUST_plant_southern-power-gpc-sinclair_de80ca_gearbox_oil_change"",""type"":""SS"",""lag_days"":7,""severity"":""soft""},{""to_kind"":""previous_occurrence"",""to_ref"":""nan"",""type"":""SS"",""lag_days"":0,""severity"":""soft""}]",[],705,Medium,Generated from fuel-aligned catalog
SUST_PLANT_Vogtle 3_containment_inspection,plant_gpc-vogtle-3_f743db,Containment inspection,720,12,plantStartPlusLead,"[{""resource_id"":""civil"",""qty_per_day"":1.0,""duration_days"":16,""start_offset_days"":0},{""resource_id"":""mech_crew"",""qty_per_day"":7.0,""duration_days"":9,""start_offset_days"":0}]","[{""component"":""Bearing kits"",""vendor_type"":""Industrial distributor"",""lead_time_days"":35,""expedite_days"":14,""unit_cost_estimate_usd"":463,""procurement_start_date"":NaN},{""component"":""Fasteners & gaskets kit"",""vendor_type"":""Industrial distributor"",""lead_time_days"":20,""expedite_days"":10,""unit_cost_estimate_usd"":215,""procurement_start_date"":NaN},{""component"":""Electrical consumables"",""vendor_type"":""Electrical distributor"",""lead_time_days"":13,""expedite_days"":4,""unit_cost_estimate_usd"":166,""procurement_start_date"":NaN}]","[{""to_kind"":""need"",""to_ref"":""SUST_PLANT_Vogtle 3_refueling_outage_scope"",""type"":""SS"",""lag_days"":7,""severity"":""soft""},{""to_kind"":""need"",""to_ref"":""SUST_PLANT_Vogtle 32_steam_generator_tube_ins"",""type"":""SS"",""lag_days"":7,""severity"":""soft""}]",[],506.4,Medium,Generated from fuel-aligned catalog
SUST_PLANT_Vogtle 3_refueling_outage_scope,plant_gpc-vogtle-3_f743db,Refueling outage scope,540,13,plantStartPlusLead,"[{""resource_id"":""electrical"",""qty_per_day"":1.0,""duration_days"":13,""start_offset_days"":0},{""resource_id"":""mech_crew"",""qty_per_day"":1.0,""duration_days"":13,""start_offset_days"":0},{""resource_id"":""nuclear"",""qty_per_day"":1.0,""duration_days"":13,""start_offset_days"":0}]","[{""component"":""Bearing kits"",""vendor_type"":""Industrial distributor"",""lead_time_days"":43,""expedite_days"":8,""unit_cost_estimate_usd"":517,""procurement_start_date"":NaN},{""component"":""Fasteners & gaskets kit"",""vendor_type"":""Industrial distributor"",""lead_time_days"":19,""expedite_days"":6,""unit_cost_estimate_usd"":382,""procurement_start_date"":NaN},{""component"":""Electrical consumables"",""vendor_type"":""Electrical distributor"",""lead_time_days"":20,""expedite_days"":3,""unit_cost_estimate_usd"":233,""procurement_start_date"":NaN}]","[{""to_kind"":""need"",""to_ref"":""SUST_PLANT_Vogtle 3_containment_inspection"",""type"":""SS"",""lag_days"":0,""severity"":""soft""},{""to_kind"":""need"",""to_ref"":""SUST_PLANT_Vogtle 32_steam_generator_tube_ins"",""type"":""SS"",""lag_days"":7,""severity"":""soft""},{""to_kind"":""need"",""to_ref"":""SUST_PLANT_Vogtle 3_containment_inspection"",""type"":""SS"",""lag_days"":7,""severity"":""soft""}]",[],679.2,Medium,Generated from fuel-aligned catalog
SUST_PLANT_Vogtle 32_steam_generator_tube_ins,plant_gpc-vogtle-3_f743db,Steam generator tube inspection,720,20,plantStartPlusLead,"[{""resource_id"":""NDT"",""qty_per_day"":1.0,""duration_days"":20,""start_offset_days"":0},{""resource_id"":""mech_crew"",""qty_per_day"":4.0,""duration_days"":20,""start_offset_days"":0}]","[{""component"":""Hydrogen seal kit"",""vendor_type"":""OEM/aftermarket"",""lead_time_days"":58,""expedite_days"":22,""unit_cost_estimate_usd"":17039,""procurement_start_date"":NaN},{""component"":""Stator RTDs"",""vendor_type"":""Instrumentation"",""lead_time_days"":22,""expedite_days"":7,""unit_cost_estimate_usd"":286,""procurement_start_date"":NaN},{""component"":""Wedge/slot fillers"",""vendor_type"":""OEM/aftermarket"",""lead_time_days"":58,""expedite_days"":11,""unit_cost_estimate_usd"":2564,""procurement_start_date"":NaN}]","[{""to_kind"":""need"",""to_ref"":""SUST_PLANT_Vogtle 3_containment_inspection"",""type"":""SS"",""lag_days"":0,""severity"":""soft""},{""to_kind"":""need"",""to_ref"":""SUST_PLANT_Vogtle 3_refueling_outage_scope"",""type"":""SS"",""lag_days"":0,""severity"":""soft""},{""to_kind"":""need"",""to_ref"":""SUST_PLANT_Vogtle 3_refueling_outage_scope"",""type"":""SS"",""lag_days"":7,""severity"":""soft""},{""to_kind"":""need"",""to_ref"":""SUST_PLANT_Vogtle 3_containment_inspection"",""type"":""SS"",""lag_days"":7,""severity"":""soft""}]",[],11933.4,Medium,Generated from fuel-aligned catalog
SUST_plant28_701,Plant 28,Instrumentation & Controls Upgrade,1800,9,plantStartPlusLead,"[{""resource_id"":""mech_crew"",""qty_per_day"":1.0,""duration_days"":10,""start_offset_days"":0},{""resource_id"":""electrician"",""qty_per_day"":1.18,""duration_days"":9,""start_offset_days"":0}]","[{""component"":""Bearing kits"",""vendor_type"":""Industrial distributor"",""lead_time_days"":33,""expedite_days"":10,""unit_cost_estimate_usd"":558,""procurement_start_date"":NaN},{""component"":""Fasteners & gaskets kit"",""vendor_type"":""Industrial distributor"",""lead_time_days"":30,""expedite_days"":5,""unit_cost_estimate_usd"":370,""procurement_start_date"":NaN},{""component"":""Electrical consumables"",""vendor_type"":""Electrical distributor"",""lead_time_days"":14,""expedite_days"":5,""unit_cost_estimate_usd"":365,""procurement_start_date"":NaN}]","[{""to_kind"":""previous_occurrence"",""to_ref"":null,""type"":""FS"",""lag_days"":0,""severity"":""hard""}]",[],775.8,High,Auto-filled defaults based on category: Instrumentation & Controls Upgrade
SUST_plant28_702,Plant 28,Coal Conveyor & Fuel Handling Refurbishment,1440,5,plantStartPlusLead,"[{""resource_id"":""mech_crew"",""qty_per_day"":1.01,""duration_days"":4,""start_offset_days"":0},{""resource_id"":""electrician"",""qty_per_day"":1.0,""duration_days"":5,""start_offset_days"":0}]","[{""component"":""Bearing kits"",""vendor_type"":""Industrial distributor"",""lead_time_days"":22,""expedite_days"":10,""unit_cost_estimate_usd"":301,""procurement_start_date"":NaN},{""component"":""Fasteners & gaskets kit"",""vendor_type"":""Industrial distributor"",""lead_time_days"":27,""expedite_days"":7,""unit_cost_estimate_usd"":237,""procurement_start_date"":NaN},{""component"":""Electrical consumables"",""vendor_type"":""Electrical distributor"",""lead_time_days"":7,""expedite_days"":2,""unit_cost_estimate_usd"":178,""procurement_start_date"":NaN}]","[{""to_kind"":""previous_occurrence"",""to_ref"":null,""type"":""FS"",""lag_days"":0,""severity"":""hard""}]",[],429.6,Medium,Auto-filled defaults based on category: Coal Conveyor & Fuel Handling Refurbishment
SUST_plant28_703,Plant 28,Cooling Tower Structural & Fill Replacement,2520,12,plantStartPlusLead,"[{""resource_id"":""mech_crew"",""qty_per_day"":1.02,""duration_days"":10,""start_offset_days"":0},{""resource_id"":""rigging_crew"",""qty_per_day"":1.0,""duration_days"":11,""start_offset_days"":0},{""resource_id"":""electrician"",""qty_per_day"":1.22,""duration_days"":12,""start_offset_days"":0}]","[{""component"":""CT fill media packs"",""vendor_type"":""OEM/aftermarket"",""lead_time_days"":57,""expedite_days"":10,""unit_cost_estimate_usd"":43422,""procurement_start_date"":NaN},{""component"":""CT gearbox"",""vendor_type"":""OEM/aftermarket"",""lead_time_days"":111,""expedite_days"":28,""unit_cost_estimate_usd"":25020,""procurement_start_date"":NaN},{""component"":""Fan blades"",""vendor_type"":""OEM/aftermarket"",""lead_time_days"":56,""expedite_days"":22,""unit_cost_estimate_usd"":9089,""procurement_start_date"":NaN}]","[{""to_kind"":""previous_occurrence"",""to_ref"":null,""type"":""FS"",""lag_days"":0,""severity"":""hard""}]",[],46518.6,High,Auto-filled defaults based on category: Cooling Tower Structural & Fill Replacement
SUST_plant28_boiler_tube,Plant 28,Boiler tube inspection & repair,360,10,plantStartPlusLead,"[{""resource_id"":""mech_crew"",""qty_per_day"":1.11,""duration_days"":11,""start_offset_days"":0},{""resource_id"":""scaffold_crew"",""qty_per_day"":1.28,""duration_days"":10,""start_offset_days"":0},{""resource_id"":""NDT_tech"",""qty_per_day"":1.26,""duration_days"":9,""start_offset_days"":0}]","[{""component"":""UT thickness probes"",""vendor_type"":""NDT supplier"",""lead_time_days"":43,""expedite_days"":12,""unit_cost_estimate_usd"":2126,""procurement_start_date"":NaN},{""component"":""Tube plugs (assorted)"",""vendor_type"":""Industrial distributor"",""lead_time_days"":28,""expedite_days"":5,""unit_cost_estimate_usd"":403,""procurement_start_date"":NaN},{""component"":""Scaffold rental kit"",""vendor_type"":""Rental services"",""lead_time_days"":7,""expedite_days"":4,""unit_cost_estimate_usd"":1503,""procurement_start_date"":NaN}]","[{""to_kind"":""previous_occurrence"",""to_ref"":null,""type"":""FS"",""lag_days"":0,""severity"":""hard""}]",[],2419.2,Medium,Generated from fuel-aligned catalog
SUST_plant28_gypsum_handling_upkeep,Plant 28,FGD/gypsum handling upkeep,720,5,plantStartPlusLead,"[{""resource_id"":""mech_crew"",""qty_per_day"":1.0,""duration_days"":6,""start_offset_days"":0},{""resource_id"":""conveyor_tech"",""qty_per_day"":1.12,""duration_days"":5,""start_offset_days"":0},{""resource_id"":""welder"",""qty_per_day"":1.05,""duration_days"":5,""start_offset_days"":0}]","[{""component"":""Conveyor idlers & bearings set"",""vendor_type"":""OEM/aftermarket"",""lead_time_days"":27,""expedite_days"":10,""unit_cost_estimate_usd"":2366,""procurement_start_date"":NaN},{""component"":""Scraper blades / wear liners"",""vendor_type"":""Fabricator"",""lead_time_days"":39,""expedite_days"":7,""unit_cost_estimate_usd"":2578,""procurement_start_date"":NaN},{""component"":""Chute ceramic liners"",""vendor_type"":""Fabricator"",""lead_time_days"":58,""expedite_days"":17,""unit_cost_estimate_usd"":4076,""procurement_start_date"":NaN}]","[{""to_kind"":""previous_occurrence"",""to_ref"":null,""type"":""FS"",""lag_days"":0,""severity"":""hard""}]",[],5412,Medium,Generated from fuel-aligned catalog
SUST_plant28_SCR_catalyst_changeout,Plant 28,SCR catalyst changeout,1080,21,plantStartPlusLead,"[{""resource_id"":""mech_crew"",""qty_per_day"":1.0,""duration_days"":25,""start_offset_days"":0},{""resource_id"":""scaffold_crew"",""qty_per_day"":1.18,""duration_days"":23,""start_offset_days"":0},{""resource_id"":""chem_crew"",""qty_per_day"":1.0,""duration_days"":23,""start_offset_days"":0}]","[{""component"":""Conveyor idlers & bearings set"",""vendor_type"":""OEM/aftermarket"",""lead_time_days"":41,""expedite_days"":9,""unit_cost_estimate_usd"":4151,""procurement_start_date"":NaN},{""component"":""Scraper blades / wear liners"",""vendor_type"":""Fabricator"",""lead_time_days"":28,""expedite_days"":12,""unit_cost_estimate_usd"":4629,""procurement_start_date"":NaN},{""component"":""Chute ceramic liners"",""vendor_type"":""Fabricator"",""lead_time_days"":42,""expedite_days"":13,""unit_cost_estimate_usd"":4518,""procurement_start_date"":NaN}]","[{""to_kind"":""previous_occurrence"",""to_ref"":null,""type"":""FS"",""lag_days"":0,""severity"":""hard""}]",[],7978.8,High,Generated from fuel-aligned catalog
SUST_plant9_704,Plant 9,Water Treatment & Chemistry Controls Modernization,1800,9,plantStartPlusLead,"[{""resource_id"":""I&C"",""qty_per_day"":1.0,""duration_days"":8,""start_offset_days"":0},{""resource_id"":""chem_crew"",""qty_per_day"":1.0,""duration_days"":9,""start_offset_days"":0},{""resource_id"":""mech_crew"",""qty_per_day"":1.0,""duration_days"":10,""start_offset_days"":0}]","[{""component"":""Conductivity analyzers"",""vendor_type"":""OEM/instrumentation"",""lead_time_days"":52,""expedite_days"":27,""unit_cost_estimate_usd"":3251,""procurement_start_date"":NaN},{""component"":""Chemical metering pumps"",""vendor_type"":""Industrial distributor"",""lead_time_days"":39,""expedite_days"":7,""unit_cost_estimate_usd"":2231,""procurement_start_date"":NaN},{""component"":""Sample conditioning skid components"",""vendor_type"":""Fabricator"",""lead_time_days"":103,""expedite_days"":26,""unit_cost_estimate_usd"":23551,""procurement_start_date"":NaN}]","[{""to_kind"":""previous_occurrence"",""to_ref"":null,""type"":""FS"",""lag_days"":0,""severity"":""hard""}]",[],17419.8,Medium,Auto-filled defaults based on category: Water Treatment & Chemistry Controls Modernization
SUST_plant9_705,Plant 9,Ash Handling System Replacement,2160,5,plantStartPlusLead,"[{""resource_id"":""mech_crew"",""qty_per_day"":1.13,""duration_days"":5,""start_offset_days"":0},{""resource_id"":""electrician"",""qty_per_day"":1.24,""duration_days"":5,""start_offset_days"":0}]","[{""component"":""Bearing kits"",""vendor_type"":""Industrial distributor"",""lead_time_days"":36,""expedite_days"":10,""unit_cost_estimate_usd"":981,""procurement_start_date"":NaN},{""component"":""Fasteners & gaskets kit"",""vendor_type"":""Industrial distributor"",""lead_time_days"":21,""expedite_days"":5,""unit_cost_estimate_usd"":759,""procurement_start_date"":NaN},{""component"":""Electrical consumables"",""vendor_type"":""Electrical distributor"",""lead_time_days"":14,""expedite_days"":5,""unit_cost_estimate_usd"":287,""procurement_start_date"":NaN}]","[{""to_kind"":""previous_occurrence"",""to_ref"":null,""type"":""FS"",""lag_days"":0,""severity"":""hard""}]",[],1216.2,High,Auto-filled defaults based on category: Ash Handling System Replacement
SUST_plant9_706,Plant 9,Stack Liner & Breeching Inspection Program,1080,5,plantStartPlusLead,"[{""resource_id"":""mech_crew"",""qty_per_day"":1.15,""duration_days"":4,""start_offset_days"":0},{""resource_id"":""electrician"",""qty_per_day"":1.04,""duration_days"":5,""start_offset_days"":0}]","[{""component"":""Bearing kits"",""vendor_type"":""Industrial distributor"",""lead_time_days"":43,""expedite_days"":7,""unit_cost_estimate_usd"":1074,""procurement_start_date"":NaN},{""component"":""Fasteners & gaskets kit"",""vendor_type"":""Industrial distributor"",""lead_time_days"":22,""expedite_days"":8,""unit_cost_estimate_usd"":589,""procurement_start_date"":NaN},{""component"":""Electrical consumables"",""vendor_type"":""Electrical distributor"",""lead_time_days"":18,""expedite_days"":3,""unit_cost_estimate_usd"":508,""procurement_start_date"":NaN}]","[{""to_kind"":""previous_occurrence"",""to_ref"":null,""type"":""FS"",""lag_days"":0,""severity"":""hard""}]",[],1302.6,Medium,Auto-filled defaults based on category: Stack Liner & Breeching Inspection Program
SUST_plant9_boiler_Pulverizer_overhaul,Plant 9,Pulverizer overhaul,720,5,plantStartPlusLead,"[{""resource_id"":""mech_crew"",""qty_per_day"":1.0,""duration_days"":4,""start_offset_days"":0},{""resource_id"":""electrician"",""qty_per_day"":1.23,""duration_days"":6,""start_offset_days"":0}]","[{""component"":""Bearing kits"",""vendor_type"":""Industrial distributor"",""lead_time_days"":37,""expedite_days"":13,""unit_cost_estimate_usd"":725,""procurement_start_date"":NaN},{""component"":""Fasteners & gaskets kit"",""vendor_type"":""Industrial distributor"",""lead_time_days"":30,""expedite_days"":10,""unit_cost_estimate_usd"":711,""procurement_start_date"":NaN},{""component"":""Electrical consumables"",""vendor_type"":""Electrical distributor"",""lead_time_days"":15,""expedite_days"":4,""unit_cost_estimate_usd"":413,""procurement_start_date"":NaN}]","[{""to_kind"":""previous_occurrence"",""to_ref"":null,""type"":""FS"",""lag_days"":0,""severity"":""hard""}]",[],1109.4,Medium,Generated from fuel-aligned catalog
SUST_plant9_boiler_tube,Plant 9,Boiler tube inspection & repair,360,10,plantStartPlusLead,"[{""resource_id"":""mech_crew"",""qty_per_day"":1.0,""duration_days"":10,""start_offset_days"":0},{""resource_id"":""scaffold_crew"",""qty_per_day"":1.22,""duration_days"":9,""start_offset_days"":0},{""resource_id"":""NDT_tech"",""qty_per_day"":1.0,""duration_days"":8,""start_offset_days"":0}]","[{""component"":""UT thickness probes"",""vendor_type"":""NDT supplier"",""lead_time_days"":39,""expedite_days"":14,""unit_cost_estimate_usd"":3170,""procurement_start_date"":NaN},{""component"":""Tube plugs (assorted)"",""vendor_type"":""Industrial distributor"",""lead_time_days"":28,""expedite_days"":9,""unit_cost_estimate_usd"":645,""procurement_start_date"":NaN},{""component"":""Scaffold rental kit"",""vendor_type"":""Rental services"",""lead_time_days"":12,""expedite_days"":3,""unit_cost_estimate_usd"":2956,""procurement_start_date"":NaN}]","[{""to_kind"":""previous_occurrence"",""to_ref"":null,""type"":""FS"",""lag_days"":0,""severity"":""hard""}]",[],4062.6,Medium,Generated from fuel-aligned catalog
SUST_plant9_SCR_catalyst_changeout,Plant 9,SCR catalyst changeout,1080,21,plantStartPlusLead,"[{""resource_id"":""mech_crew"",""qty_per_day"":1.0,""duration_days"":21,""start_offset_days"":0},{""resource_id"":""scaffold_crew"",""qty_per_day"":1.11,""duration_days"":25,""start_offset_days"":0},{""resource_id"":""chem_crew"",""qty_per_day"":1.0,""duration_days"":18,""start_offset_days"":0}]","[{""component"":""Conveyor idlers & bearings set"",""vendor_type"":""OEM/aftermarket"",""lead_time_days"":43,""expedite_days"":8,""unit_cost_estimate_usd"":1858,""procurement_start_date"":NaN},{""component"":""Scraper blades / wear liners"",""vendor_type"":""Fabricator"",""lead_time_days"":41,""expedite_days"":12,""unit_cost_estimate_usd"":5760,""procurement_start_date"":NaN},{""component"":""Chute ceramic liners"",""vendor_type"":""Fabricator"",""lead_time_days"":50,""expedite_days"":19,""unit_cost_estimate_usd"":4902,""procurement_start_date"":NaN}]","[{""to_kind"":""previous_occurrence"",""to_ref"":null,""type"":""FS"",""lag_days"":0,""severity"":""hard""}]",[],7512,High,Generated from fuel-aligned catalog
