sustain_work_id,need_id,plant_id,plant_name,fuel,category,due_date,window_start,window_end,duration_days,occurrence_cost_$,risk_if_deferred,resource_types,lead_time_months,notes,owner_id,owner_name,progress_pct,status,last_update_utc
SUST_PLANT_BOWEN_U1_704_W1,SUST_PLANT_BOWEN_U1_704,plant_eia-10023-0_8943bb,PLANT_BOWEN_U1,coal,Water Treatment & Chemistry Controls Modernization,1/15/2026,12/16/2025,2/14/2026,9,145000,Medium – scaling and corrosion risk increases,"I&C, chemical, mechanical",5,"Install new conductivity analyzers, upgrade chemical feed systems, automate sample collection.",RES::SUST_PM,Sustainment PM,0,Planned,
SUST_PLANT_BOWEN_U1_704_W2,SUST_PLANT_BOWEN_U1_704,plant_eia-10023-0_8943bb,PLANT_BOWEN_U1,coal,Water Treatment & Chemistry Controls Modernization,5/15/2026,4/15/2026,6/14/2026,7,107000,Medium – scaling and corrosion risk increases,"I&C, chemical, mechanical",5,"Install new conductivity analyzers, upgrade chemical feed systems, automate sample collection.",RES::SUST_PM,Sustainment PM,0,Planned,
SUST_PLANT_BOWEN_U1_704_W3,SUST_PLANT_BOWEN_U1_704,plant_eia-10023-0_8943bb,PLANT_BOWEN_U1,coal,Water Treatment & Chemistry Controls Modernization,9/15/2026,8/16/2026,10/15/2026,7,119000,Medium – scaling and corrosion risk increases,"I&C, chemical, mechanical",5,"Install new conductivity analyzers, upgrade chemical feed systems, automate sample collection.",RES::SUST_PM,Sustainment PM,0,Planned,
SUST_PLANT_BOWEN_U1_705_W1,SUST_PLANT_BOWEN_U1_705,plant_eia-10023-0_8943bb,PLANT_BOWEN_U1,coal,Ash Handling System Replacement,1/15/2026,12/16/2025,2/14/2026,16,408000,High – ash buildup and environmental compliance impact,"mechanical, electrical, environmental",10,"Replace sluice lines with dry bottom ash handling, install new clinker grinders and drag conveyors.",RES::SUST_PM,Sustainment PM,0,Planned,
SUST_PLANT_BOWEN_U1_705_W2,SUST_PLANT_BOWEN_U1_705,plant_eia-10023-0_8943bb,PLANT_BOWEN_U1,coal,Ash Handling System Replacement,5/15/2026,4/15/2026,6/14/2026,22,313000,High – ash buildup and environmental compliance impact,"mechanical, electrical, environmental",10,"Replace sluice lines with dry bottom ash handling, install new clinker grinders and drag conveyors.",RES::SUST_PM,Sustainment PM,0,Planned,
SUST_PLANT_BOWEN_U1_705_W3,SUST_PLANT_BOWEN_U1_705,plant_eia-10023-0_8943bb,PLANT_BOWEN_U1,coal,Ash Handling System Replacement,9/15/2026,8/16/2026,10/15/2026,19,455000,High – ash buildup and environmental compliance impact,"mechanical, electrical, environmental",10,"Replace sluice lines with dry bottom ash handling, install new clinker grinders and drag conveyors.",RES::SUST_PM,Sustainment PM,0,Planned,
SUST_PLANT_BOWEN_U1_706_W1,SUST_PLANT_BOWEN_U1_706,plant_eia-10023-0_8943bb,PLANT_BOWEN_U1,coal,Stack Liner & Breeching Inspection Program,1/15/2026,12/16/2025,2/14/2026,9,147000,Medium – corrosion could lead to forced outage,"civil, inspection, materials",4,"Perform ultrasonic inspections, repair liner defects, replace access platforms as needed.",RES::INSPECTION_LEAD,Inspection Lead,0,Planned,
SUST_PLANT_BOWEN_U1_706_W2,SUST_PLANT_BOWEN_U1_706,plant_eia-10023-0_8943bb,PLANT_BOWEN_U1,coal,Stack Liner & Breeching Inspection Program,5/15/2026,4/15/2026,6/14/2026,7,134000,Medium – corrosion could lead to forced outage,"civil, inspection, materials",4,"Perform ultrasonic inspections, repair liner defects, replace access platforms as needed.",RES::INSPECTION_LEAD,Inspection Lead,0,Planned,
SUST_PLANT_BOWEN_U1_706_W3,SUST_PLANT_BOWEN_U1_706,plant_eia-10023-0_8943bb,PLANT_BOWEN_U1,coal,Stack Liner & Breeching Inspection Program,9/15/2026,8/16/2026,10/15/2026,7,91000,Medium – corrosion could lead to forced outage,"civil, inspection, materials",4,"Perform ultrasonic inspections, repair liner defects, replace access platforms as needed.",RES::INSPECTION_LEAD,Inspection Lead,0,Planned,
SUST_PLANT_BOWEN_U1_boiler_Pulverizer_overhaul_W1,SUST_PLANT_BOWEN_U1_boiler_Pulverizer_overhaul,plant_eia-10023-0_8943bb,PLANT_BOWEN_U1,coal,Pulverizer overhaul,1/15/2026,12/16/2025,2/14/2026,16,241000,4,"mechanical, materials",4,Generated from fuel-aligned catalog,RES::MECH_LEAD,Mechanical Lead,0,Planned,
SUST_PLANT_BOWEN_U1_boiler_Pulverizer_overhaul_W2,SUST_PLANT_BOWEN_U1_boiler_Pulverizer_overhaul,plant_eia-10023-0_8943bb,PLANT_BOWEN_U1,coal,Pulverizer overhaul,5/15/2026,4/15/2026,6/14/2026,17,279000,4,"mechanical, materials",4,Generated from fuel-aligned catalog,RES::MECH_LEAD,Mechanical Lead,0,Planned,
SUST_PLANT_BOWEN_U1_boiler_Pulverizer_overhaul_W3,SUST_PLANT_BOWEN_U1_boiler_Pulverizer_overhaul,plant_eia-10023-0_8943bb,PLANT_BOWEN_U1,coal,Pulverizer overhaul,9/15/2026,8/16/2026,10/15/2026,10,353000,4,"mechanical, materials",4,Generated from fuel-aligned catalog,RES::MECH_LEAD,Mechanical Lead,0,Planned,
SUST_PLANT_BOWEN_U1_boiler_tube_W1,SUST_PLANT_BOWEN_U1_boiler_tube,plant_eia-10023-0_8943bb,PLANT_BOWEN_U1,coal,Boiler tube inspection & repair,1/15/2026,12/16/2025,2/14/2026,9,345000,4,"mechanical, NDT",2,Generated from fuel-aligned catalog,RES::INSPECTION_LEAD,Inspection Lead,0,Planned,
SUST_PLANT_BOWEN_U1_boiler_tube_W2,SUST_PLANT_BOWEN_U1_boiler_tube,plant_eia-10023-0_8943bb,PLANT_BOWEN_U1,coal,Boiler tube inspection & repair,5/15/2026,4/15/2026,6/14/2026,8,304000,4,"mechanical, NDT",2,Generated from fuel-aligned catalog,RES::INSPECTION_LEAD,Inspection Lead,0,Planned,
SUST_PLANT_BOWEN_U1_boiler_tube_W3,SUST_PLANT_BOWEN_U1_boiler_tube,plant_eia-10023-0_8943bb,PLANT_BOWEN_U1,coal,Boiler tube inspection & repair,9/15/2026,8/16/2026,10/15/2026,12,234000,4,"mechanical, NDT",2,Generated from fuel-aligned catalog,RES::INSPECTION_LEAD,Inspection Lead,0,Planned,
SUST_PLANT_BOWEN_U1_SCR_catalyst_changeout_W1,SUST_PLANT_BOWEN_U1_SCR_catalyst_changeout,plant_eia-10023-0_8943bb,PLANT_BOWEN_U1,coal,SCR catalyst changeout,1/15/2026,12/16/2025,2/14/2026,11,375000,5,"mechanical, environmental",5,Generated from fuel-aligned catalog,RES::SUST_PM,Sustainment PM,0,Planned,
SUST_PLANT_BOWEN_U1_SCR_catalyst_changeout_W2,SUST_PLANT_BOWEN_U1_SCR_catalyst_changeout,plant_eia-10023-0_8943bb,PLANT_BOWEN_U1,coal,SCR catalyst changeout,5/15/2026,4/15/2026,6/14/2026,9,415000,5,"mechanical, environmental",5,Generated from fuel-aligned catalog,RES::SUST_PM,Sustainment PM,0,Planned,
SUST_PLANT_BOWEN_U1_SCR_catalyst_changeout_W3,SUST_PLANT_BOWEN_U1_SCR_catalyst_changeout,plant_eia-10023-0_8943bb,PLANT_BOWEN_U1,coal,SCR catalyst changeout,9/15/2026,8/16/2026,10/15/2026,14,416000,5,"mechanical, environmental",5,Generated from fuel-aligned catalog,RES::SUST_PM,Sustainment PM,0,Planned,
SW_SUST_plant_doe-lpo-nan_6ec756_boiler_tube_inspection_&_2024-04-01,SUST_plant_doe-lpo-nan_6ec756_boiler_tube_inspection_&,plant_doe-lpo-nan_6ec756,Plant 1,hydro,Boiler tube inspection & repair,4/1/2024,1/1/2024,7/1/2024,25,409641,4,"mechanical,NDT",2,Auto-instantiated from cadence,RES::INSPECTION_LEAD,Inspection Lead,100,Done,
SW_SUST_plant_doe-lpo-nan_6ec756_boiler_tube_inspection_&_2025-04-01,SUST_plant_doe-lpo-nan_6ec756_boiler_tube_inspection_&,plant_doe-lpo-nan_6ec756,Plant 1,hydro,Boiler tube inspection & repair,4/1/2025,1/1/2025,7/1/2025,20,692131,4,"mechanical,NDT",2,Auto-instantiated from cadence,RES::INSPECTION_LEAD,Inspection Lead,100,Done,
SW_SUST_plant_doe-lpo-nan_6ec756_boiler_tube_inspection_&_2026-04-01,SUST_plant_doe-lpo-nan_6ec756_boiler_tube_inspection_&,plant_doe-lpo-nan_6ec756,Plant 1,hydro,Boiler tube inspection & repair,4/1/2026,1/1/2026,7/1/2026,24,607090,4,"mechanical,NDT",2,Auto-instantiated from cadence,RES::INSPECTION_LEAD,Inspection Lead,0,Planned,
SW_SUST_plant_doe-lpo-nan_6ec756_boiler_tube_inspection_&_2027-04-01,SUST_plant_doe-lpo-nan_6ec756_boiler_tube_inspection_&,plant_doe-lpo-nan_6ec756,Plant 1,hydro,Boiler tube inspection & repair,4/1/2027,1/1/2027,7/1/2027,23,394787,4,"mechanical,NDT",2,Auto-instantiated from cadence,RES::INSPECTION_LEAD,Inspection Lead,0,Planned,
SW_SUST_plant_doe-lpo-nan_6ec756_boiler_tube_inspection_&_2024-04-01,SUST_plant_doe-lpo-nan_6ec756_boiler_tube_inspection_&,plant_doe-lpo-nan_6ec756,Plant 1,coal,Boiler tube inspection & repair,4/1/2024,1/1/2024,7/1/2024,29,481925,4,"mechanical,NDT",2,Auto-instantiated from cadence,RES::INSPECTION_LEAD,Inspection Lead,100,Done,
SW_SUST_plant_doe-lpo-nan_6ec756_boiler_tube_inspection_&_2025-04-01,SUST_plant_doe-lpo-nan_6ec756_boiler_tube_inspection_&,plant_doe-lpo-nan_6ec756,Plant 1,coal,Boiler tube inspection & repair,4/1/2025,1/1/2025,7/1/2025,25,559719,4,"mechanical,NDT",2,Auto-instantiated from cadence,RES::INSPECTION_LEAD,Inspection Lead,100,Done,
SW_SUST_plant_doe-lpo-nan_6ec756_boiler_tube_inspection_&_2026-04-01,SUST_plant_doe-lpo-nan_6ec756_boiler_tube_inspection_&,plant_doe-lpo-nan_6ec756,Plant 1,coal,Boiler tube inspection & repair,4/1/2026,1/1/2026,7/1/2026,22,519028,4,"mechanical,NDT",2,Auto-instantiated from cadence,RES::INSPECTION_LEAD,Inspection Lead,0,Planned,
SW_SUST_plant_doe-lpo-nan_6ec756_boiler_tube_inspection_&_2027-04-01,SUST_plant_doe-lpo-nan_6ec756_boiler_tube_inspection_&,plant_doe-lpo-nan_6ec756,Plant 1,coal,Boiler tube inspection & repair,4/1/2027,1/1/2027,7/1/2027,23,649639,4,"mechanical,NDT",2,Auto-instantiated from cadence,RES::INSPECTION_LEAD,Inspection Lead,0,Planned,
SW_SUST_plant_doe-lpo-nan_6ec756_fgd/gypsum_handling_upke_2024-04-01,SUST_plant_doe-lpo-nan_6ec756_fgd/gypsum_handling_upke,plant_doe-lpo-nan_6ec756,Plant 1,hydro,FGD/gypsum handling upkeep,4/1/2024,1/1/2024,7/1/2024,22,3385396,4,"mechanical,environmental",4,Auto-instantiated from cadence,RES::SUST_PM,Sustainment PM,100,Done,
SW_SUST_plant_doe-lpo-nan_6ec756_fgd/gypsum_handling_upke_2026-04-01,SUST_plant_doe-lpo-nan_6ec756_fgd/gypsum_handling_upke,plant_doe-lpo-nan_6ec756,Plant 1,hydro,FGD/gypsum handling upkeep,4/1/2026,1/1/2026,7/1/2026,8,2453344,4,"mechanical,environmental",4,Auto-instantiated from cadence,RES::SUST_PM,Sustainment PM,0,Planned,
SW_SUST_plant_doe-lpo-nan_6ec756_fgd/gypsum_handling_upke_2024-04-01,SUST_plant_doe-lpo-nan_6ec756_fgd/gypsum_handling_upke,plant_doe-lpo-nan_6ec756,Plant 1,coal,FGD/gypsum handling upkeep,4/1/2024,1/1/2024,7/1/2024,13,2423202,4,"mechanical,environmental",4,Auto-instantiated from cadence,RES::SUST_PM,Sustainment PM,100,Done,
SW_SUST_plant_doe-lpo-nan_6ec756_fgd/gypsum_handling_upke_2026-04-01,SUST_plant_doe-lpo-nan_6ec756_fgd/gypsum_handling_upke,plant_doe-lpo-nan_6ec756,Plant 1,coal,FGD/gypsum handling upkeep,4/1/2026,1/1/2026,7/1/2026,26,3113504,4,"mechanical,environmental",4,Auto-instantiated from cadence,RES::SUST_PM,Sustainment PM,0,Planned,
SW_SUST_plant_doe-lpo-nan_6ec756_scr_catalyst_changeout_2024-04-01,SUST_plant_doe-lpo-nan_6ec756_scr_catalyst_changeout,plant_doe-lpo-nan_6ec756,Plant 1,hydro,SCR catalyst changeout,4/1/2024,1/1/2024,7/1/2024,8,4955542,3,"mechanical,environmental",5,Auto-instantiated from cadence,RES::SUST_PM,Sustainment PM,100,Done,
SW_SUST_plant_doe-lpo-nan_6ec756_scr_catalyst_changeout_2027-04-01,SUST_plant_doe-lpo-nan_6ec756_scr_catalyst_changeout,plant_doe-lpo-nan_6ec756,Plant 1,hydro,SCR catalyst changeout,4/1/2027,1/1/2027,7/1/2027,16,3977060,3,"mechanical,environmental",5,Auto-instantiated from cadence,RES::SUST_PM,Sustainment PM,0,Planned,
SW_SUST_plant_doe-lpo-nan_6ec756_scr_catalyst_changeout_2024-04-01,SUST_plant_doe-lpo-nan_6ec756_scr_catalyst_changeout,plant_doe-lpo-nan_6ec756,Plant 1,coal,SCR catalyst changeout,4/1/2024,1/1/2024,7/1/2024,7,3597896,3,"mechanical,environmental",5,Auto-instantiated from cadence,RES::SUST_PM,Sustainment PM,100,Done,
SW_SUST_plant_doe-lpo-nan_6ec756_scr_catalyst_changeout_2027-04-01,SUST_plant_doe-lpo-nan_6ec756_scr_catalyst_changeout,plant_doe-lpo-nan_6ec756,Plant 1,coal,SCR catalyst changeout,4/1/2027,1/1/2027,7/1/2027,13,4603380,3,"mechanical,environmental",5,Auto-instantiated from cadence,RES::SUST_PM,Sustainment PM,0,Planned,
SW_SUST_plant_doe-lpo-nan_6ec756_spillway_&_gate_maintena_2024-04-01,SUST_plant_doe-lpo-nan_6ec756_spillway_&_gate_maintena,plant_doe-lpo-nan_6ec756,Plant 1,hydro,Spillway & gate maintenance,4/1/2024,1/1/2024,7/1/2024,7,973251,4,"civil,mechanical",3,Auto-instantiated from cadence,RES::SUST_PM,Sustainment PM,100,Done,
SW_SUST_plant_doe-lpo-nan_6ec756_spillway_&_gate_maintena_2026-04-01,SUST_plant_doe-lpo-nan_6ec756_spillway_&_gate_maintena,plant_doe-lpo-nan_6ec756,Plant 1,hydro,Spillway & gate maintenance,4/1/2026,1/1/2026,7/1/2026,24,941387,4,"civil,mechanical",3,Auto-instantiated from cadence,RES::SUST_PM,Sustainment PM,0,Planned,
SW_SUST_plant_doe-lpo-nan_6ec756_spillway_&_gate_maintena_2024-04-01,SUST_plant_doe-lpo-nan_6ec756_spillway_&_gate_maintena,plant_doe-lpo-nan_6ec756,Plant 1,coal,Spillway & gate maintenance,4/1/2024,1/1/2024,7/1/2024,7,424525,4,"civil,mechanical",3,Auto-instantiated from cadence,RES::SUST_PM,Sustainment PM,100,Done,
SW_SUST_plant_doe-lpo-nan_6ec756_spillway_&_gate_maintena_2026-04-01,SUST_plant_doe-lpo-nan_6ec756_spillway_&_gate_maintena,plant_doe-lpo-nan_6ec756,Plant 1,coal,Spillway & gate maintenance,4/1/2026,1/1/2026,7/1/2026,13,943987,4,"civil,mechanical",3,Auto-instantiated from cadence,RES::SUST_PM,Sustainment PM,0,Planned,
SW_SUST_plant_doe-lpo-nan_6ec756_turbine/generator_runner_2024-04-01,SUST_plant_doe-lpo-nan_6ec756_turbine/generator_runner,plant_doe-lpo-nan_6ec756,Plant 1,hydro,Turbine/generator runner inspection,4/1/2024,1/1/2024,7/1/2024,5,1976167,4,"mechanical,electrical",4,Auto-instantiated from cadence,RES::INSPECTION_LEAD,Inspection Lead,100,Done,
SW_SUST_plant_doe-lpo-nan_6ec756_turbine/generator_runner_2026-04-01,SUST_plant_doe-lpo-nan_6ec756_turbine/generator_runner,plant_doe-lpo-nan_6ec756,Plant 1,hydro,Turbine/generator runner inspection,4/1/2026,1/1/2026,7/1/2026,19,1807163,4,"mechanical,electrical",4,Auto-instantiated from cadence,RES::INSPECTION_LEAD,Inspection Lead,0,Planned,
SW_SUST_plant_doe-lpo-nan_6ec756_turbine/generator_runner_2024-04-01,SUST_plant_doe-lpo-nan_6ec756_turbine/generator_runner,plant_doe-lpo-nan_6ec756,Plant 1,coal,Turbine/generator runner inspection,4/1/2024,1/1/2024,7/1/2024,10,897859,4,"mechanical,electrical",4,Auto-instantiated from cadence,RES::INSPECTION_LEAD,Inspection Lead,100,Done,
SW_SUST_plant_doe-lpo-nan_6ec756_turbine/generator_runner_2026-04-01,SUST_plant_doe-lpo-nan_6ec756_turbine/generator_runner,plant_doe-lpo-nan_6ec756,Plant 1,coal,Turbine/generator runner inspection,4/1/2026,1/1/2026,7/1/2026,18,1279872,4,"mechanical,electrical",4,Auto-instantiated from cadence,RES::INSPECTION_LEAD,Inspection Lead,0,Planned,
SW_SUST_plant_eia-10001-0_063c52_gas_turbine_borescope_&__2024-04-01,SUST_plant_eia-10001-0_063c52_gas_turbine_borescope_&_,PLANT_DAHLBERG_CT_135,Dahlberg CTs 1/3/5,gas,Gas turbine borescope & hot-section insp.,4/1/2024,1/1/2024,7/1/2024,9,701787,3,"mechanical,GT",3,Auto-instantiated from cadence,RES::MECH_LEAD,Mechanical Lead,100,Done,
SW_SUST_plant_eia-10001-0_063c52_gas_turbine_borescope_&__2025-04-01,SUST_plant_eia-10001-0_063c52_gas_turbine_borescope_&_,PLANT_DAHLBERG_CT_135,Dahlberg CTs 1/3/5,gas,Gas turbine borescope & hot-section insp.,4/1/2025,1/1/2025,7/1/2025,14,843547,3,"mechanical,GT",3,Auto-instantiated from cadence,RES::MECH_LEAD,Mechanical Lead,100,Done,
SW_SUST_plant_eia-10001-0_063c52_gas_turbine_borescope_&__2026-04-01,SUST_plant_eia-10001-0_063c52_gas_turbine_borescope_&_,PLANT_DAHLBERG_CT_135,Dahlberg CTs 1/3/5,gas,Gas turbine borescope & hot-section insp.,4/1/2026,1/1/2026,7/1/2026,9,1272291,3,"mechanical,GT",3,Auto-instantiated from cadence,RES::MECH_LEAD,Mechanical Lead,0,Planned,
SW_SUST_plant_eia-10001-0_063c52_gas_turbine_borescope_&__2027-04-01,SUST_plant_eia-10001-0_063c52_gas_turbine_borescope_&_,PLANT_DAHLBERG_CT_135,Dahlberg CTs 1/3/5,gas,Gas turbine borescope & hot-section insp.,4/1/2027,1/1/2027,7/1/2027,24,1198906,3,"mechanical,GT",3,Auto-instantiated from cadence,RES::MECH_LEAD,Mechanical Lead,0,Planned,
SW_SUST_plant_eia-10001-0_063c52_generator_inspection_2027-04-01,SUST_plant_eia-10001-0_063c52_generator_inspection,PLANT_DAHLBERG_CT_135,Dahlberg CTs 1/3/5,gas,Generator inspection,4/1/2027,1/1/2027,7/1/2027,20,520148,4,electrical,4,Auto-instantiated from cadence,RES::INSPECTION_LEAD,Inspection Lead,0,Planned,
SW_SUST_plant_eia-10001-0_063c52_generator_inspection_2024-04-01,SUST_plant_eia-10001-0_063c52_generator_inspection,PLANT_DAHLBERG_CT_135,Dahlberg CTs 1/3/5,gas,Generator inspection,4/1/2024,1/1/2024,7/1/2024,9,388553,4,electrical,4,Auto-instantiated from cadence,RES::INSPECTION_LEAD,Inspection Lead,100,Done,
SW_SUST_plant_eia-10001-0_063c52_hrsg_tube_cleaning_&_ins_2024-04-01,SUST_plant_eia-10001-0_063c52_hrsg_tube_cleaning_&_ins,PLANT_DAHLBERG_CT_135,Dahlberg CTs 1/3/5,gas,HRSG tube cleaning & inspection,4/1/2024,1/1/2024,7/1/2024,29,698251,3,"mechanical,NDT",3,Auto-instantiated from cadence,RES::INSPECTION_LEAD,Inspection Lead,100,Done,
SW_SUST_plant_eia-10001-0_063c52_hrsg_tube_cleaning_&_ins_2025-10-01,SUST_plant_eia-10001-0_063c52_hrsg_tube_cleaning_&_ins,PLANT_DAHLBERG_CT_135,Dahlberg CTs 1/3/5,gas,HRSG tube cleaning & inspection,10/1/2025,7/1/2025,1/1/2026,10,1073134,3,"mechanical,NDT",3,Auto-instantiated from cadence,RES::INSPECTION_LEAD,Inspection Lead,61,In Progress,
SW_SUST_plant_eia-10001-0_063c52_hrsg_tube_cleaning_&_ins_2027-04-01,SUST_plant_eia-10001-0_063c52_hrsg_tube_cleaning_&_ins,PLANT_DAHLBERG_CT_135,Dahlberg CTs 1/3/5,gas,HRSG tube cleaning & inspection,4/1/2027,1/1/2027,7/1/2027,23,994320,3,"mechanical,NDT",3,Auto-instantiated from cadence,RES::INSPECTION_LEAD,Inspection Lead,0,Planned,
SW_SUST_plant_eia-10015-0_0e2230_blade_inspection_&_repai_2026-12-30,SUST_plant_eia-10015-0_0e2230_blade_inspection_&_repai,plant_eia-10015-0_0e2230,Plant 17,wind,Blade inspection & repair,12/30/2026,9/30/2026,3/30/2027,23,120764,4,"blade,rope",3,Auto-instantiated from cadence,RES::INSPECTION_LEAD,Inspection Lead,0,Planned,
SW_SUST_plant_eia-10015-0_0e2230_blade_inspection_&_repai_2027-12-30,SUST_plant_eia-10015-0_0e2230_blade_inspection_&_repai,plant_eia-10015-0_0e2230,Plant 17,wind,Blade inspection & repair,12/30/2027,9/30/2027,3/30/2028,11,172958,4,"blade,rope",3,Auto-instantiated from cadence,RES::INSPECTION_LEAD,Inspection Lead,0,Planned,
SW_SUST_plant_eia-10015-0_0e2230_blade_inspection_&_repai_2028-12-30,SUST_plant_eia-10015-0_0e2230_blade_inspection_&_repai,plant_eia-10015-0_0e2230,Plant 17,wind,Blade inspection & repair,12/30/2028,9/30/2028,3/30/2029,6,158380,4,"blade,rope",3,Auto-instantiated from cadence,RES::INSPECTION_LEAD,Inspection Lead,0,Planned,
SW_SUST_plant_eia-10015-0_0e2230_gearbox_oil_change_2026-12-30,SUST_plant_eia-10015-0_0e2230_gearbox_oil_change,plant_eia-10015-0_0e2230,Plant 17,wind,Gearbox oil change,12/30/2026,9/30/2026,3/30/2027,7,82229,4,mechanical,2,Auto-instantiated from cadence,RES::SUST_PM,Sustainment PM,0,Planned,
SW_SUST_plant_eia-10015-0_0e2230_gearbox_oil_change_2028-12-30,SUST_plant_eia-10015-0_0e2230_gearbox_oil_change,plant_eia-10015-0_0e2230,Plant 17,wind,Gearbox oil change,12/30/2028,9/30/2028,3/30/2029,18,79525,4,mechanical,2,Auto-instantiated from cadence,RES::SUST_PM,Sustainment PM,0,Planned,
SW_SUST_plant_eia-10015-0_0e2230_main_bearing_inspection_2026-12-30,SUST_plant_eia-10015-0_0e2230_main_bearing_inspection,plant_eia-10015-0_0e2230,Plant 17,wind,Main bearing inspection,12/30/2026,9/30/2026,3/30/2027,19,47126,3,mechanical,3,Auto-instantiated from cadence,RES::INSPECTION_LEAD,Inspection Lead,0,Planned,
SW_SUST_plant_eia-10015-0_0e2230_main_bearing_inspection_2028-12-30,SUST_plant_eia-10015-0_0e2230_main_bearing_inspection,plant_eia-10015-0_0e2230,Plant 17,wind,Main bearing inspection,12/30/2028,9/30/2028,3/30/2029,26,40565,3,mechanical,3,Auto-instantiated from cadence,RES::INSPECTION_LEAD,Inspection Lead,0,Planned,
SW_SUST_plant_eia-10018-0_66d132_inverter_preventative_ma_2026-03-30,SUST_plant_eia-10018-0_66d132_inverter_preventative_ma,plant_eia-10020-0_6bff7e,Mountain Solar,solar,Inverter preventative maintenance,3/30/2026,12/30/2025,6/30/2026,22,65255,3,electrical,2,Auto-instantiated from cadence,RES::SUST_PM,Sustainment PM,0,Planned,
SW_SUST_plant_eia-10018-0_66d132_inverter_preventative_ma_2027-03-30,SUST_plant_eia-10018-0_66d132_inverter_preventative_ma,plant_eia-10020-0_6bff7e,Mountain Solar,solar,Inverter preventative maintenance,3/30/2027,12/30/2026,6/30/2027,21,53107,3,electrical,2,Auto-instantiated from cadence,RES::SUST_PM,Sustainment PM,0,Planned,
SW_SUST_plant_eia-10018-0_66d132_inverter_preventative_ma_2028-03-30,SUST_plant_eia-10018-0_66d132_inverter_preventative_ma,plant_eia-10020-0_6bff7e,Mountain Solar,solar,Inverter preventative maintenance,3/30/2028,12/30/2027,6/30/2028,13,43958,3,electrical,2,Auto-instantiated from cadence,RES::SUST_PM,Sustainment PM,0,Planned,
SW_SUST_plant_eia-10018-0_66d132_pv_array_cleaning_&_repa_2026-03-30,SUST_plant_eia-10018-0_66d132_pv_array_cleaning_&_repa,plant_eia-10020-0_6bff7e,Mountain Solar,solar,PV array cleaning & repair,3/30/2026,12/30/2025,6/30/2026,16,43315,4,technicians,1,Auto-instantiated from cadence,RES::SUST_PM,Sustainment PM,0,Planned,
SW_SUST_plant_eia-10018-0_66d132_pv_array_cleaning_&_repa_2027-03-30,SUST_plant_eia-10018-0_66d132_pv_array_cleaning_&_repa,plant_eia-10020-0_6bff7e,Mountain Solar,solar,PV array cleaning & repair,3/30/2027,12/30/2026,6/30/2027,19,25920,4,technicians,1,Auto-instantiated from cadence,RES::SUST_PM,Sustainment PM,0,Planned,
SW_SUST_plant_eia-10018-0_66d132_pv_array_cleaning_&_repa_2028-03-30,SUST_plant_eia-10018-0_66d132_pv_array_cleaning_&_repa,plant_eia-10020-0_6bff7e,Mountain Solar,solar,PV array cleaning & repair,3/30/2028,12/30/2027,6/30/2028,11,21352,4,technicians,1,Auto-instantiated from cadence,RES::SUST_PM,Sustainment PM,0,Planned,
SW_SUST_plant_eia-10018-0_66d132_tracker_inspection_&_rea_2026-03-30,SUST_plant_eia-10018-0_66d132_tracker_inspection_&_rea,plant_eia-10020-0_6bff7e,Mountain Solar,solar,Tracker inspection & realignment,3/30/2026,12/30/2025,6/30/2026,10,39777,4,mechanical,2,Auto-instantiated from cadence,RES::INSPECTION_LEAD,Inspection Lead,0,Planned,
SW_SUST_plant_eia-10018-0_66d132_tracker_inspection_&_rea_2027-09-30,SUST_plant_eia-10018-0_66d132_tracker_inspection_&_rea,plant_eia-10020-0_6bff7e,Mountain Solar,solar,Tracker inspection & realignment,9/30/2027,6/30/2027,12/30/2027,23,43317,4,mechanical,2,Auto-instantiated from cadence,RES::INSPECTION_LEAD,Inspection Lead,0,Planned,
SUST_plant_eia-10020-0_6bff7e_brine_pumps/heat_exchang,SUST_plant_eia-10020-0_6bff7e_brine_pumps/heat_exchang,plant_eia-10020-0_6bff7e,Plant 22,geothermal,Brine pumps/heat exchanger clean,4/21/2027,4/21/2027,5/12/2027,21,758585,3,mechanical,6,Generated from fuel-aligned catalog. Assumptions: due_date=TODAY(2025-10-21)+18 months; window=3 weeks starting at due_date; lead_time=6 months; category derived from title.,RES::MECH_LEAD,Mechanical Lead,0,Planned,
SUST_plant_eia-10020-0_6bff7e_wellfield_inspection_&_w,SUST_plant_eia-10020-0_6bff7e_wellfield_inspection_&_w,plant_eia-10020-0_6bff7e,Plant 22,geothermal,Wellfield inspection & workover,10/21/2027,10/21/2027,12/2/2027,42,3439258,5,"reservoir,mechanical",9,Generated from fuel-aligned catalog. Assumptions: due_date=TODAY(2025-10-21)+24 months; window=6 weeks starting at due_date; lead_time=9 months; category derived from title.,RES::INSPECTION_LEAD,Inspection Lead,0,Planned,
SW_SUST_plant_eia-10023-0_8943bb_boiler_tube_inspection_&_2024-04-01,SUST_plant_eia-10023-0_8943bb_boiler_tube_inspection_&,plant_eia-10023-0_8943bb,Plant 25,coal,Boiler tube inspection & repair,4/1/2024,1/1/2024,7/1/2024,6,568774,4,"mechanical,NDT",2,Auto-instantiated from cadence,RES::INSPECTION_LEAD,Inspection Lead,100,Done,
SW_SUST_plant_eia-10023-0_8943bb_pulverizer_overhaul_2024-04-01,SUST_plant_eia-10023-0_8943bb_pulverizer_overhaul,plant_eia-10023-0_8943bb,Plant 25,coal,Pulverizer overhaul,4/1/2024,1/1/2024,7/1/2024,26,4088116,4,"mechanical,materials",4,Auto-instantiated from cadence,RES::MECH_LEAD,Mechanical Lead,100,Done,
SW_SUST_plant_eia-10023-0_8943bb_scr_catalyst_changeout_2024-04-01,SUST_plant_eia-10023-0_8943bb_scr_catalyst_changeout,plant_eia-10023-0_8943bb,Plant 25,coal,SCR catalyst changeout,4/1/2024,1/1/2024,7/1/2024,19,2646932,5,"mechanical,environmental",5,Auto-instantiated from cadence,RES::SUST_PM,Sustainment PM,100,Done,
SW_SUST_plant_eia-10024-0_680a25_combustor_hardware_refre_2028-01-25,SUST_plant_eia-10024-0_680a25_combustor_hardware_refre,plant_eia-10024-0_680a25,Bartletts Ferry 5&6,hydro,Combustor hardware refresh,1/25/2028,10/25/2027,4/25/2028,18,1036220,5,"mechanical,GT",4,Auto-instantiated from cadence,RES::SUST_PM,Sustainment PM,0,Planned,
SW_SUST_plant_eia-10024-0_680a25_generator_inspection_2028-01-25,SUST_plant_eia-10024-0_680a25_generator_inspection,plant_eia-10024-0_680a25,Bartletts Ferry 5&6,hydro,Generator inspection,1/25/2028,10/25/2027,4/25/2028,8,610053,3,electrical,4,Auto-instantiated from cadence,RES::INSPECTION_LEAD,Inspection Lead,0,Planned,
SW_SUST_PLANT_GASTON_U2_containment_inspection_2028-11-20,SUST_PLANT_GASTON_U2_containment_inspection,PLANT_GASTON_U2,Plant Gaston U2,nuclear,Containment inspection,11/20/2028,8/20/2028,2/20/2029,16,3304202,4,"civil,mechanical",6,Auto-instantiated from cadence,RES::INSPECTION_LEAD,Inspection Lead,0,Planned,
SW_SUST_PLANT_GASTON_U2_refueling_outage_scope_2028-11-20,SUST_PLANT_GASTON_U2_refueling_outage_scope,PLANT_GASTON_U2,Plant Gaston U2,nuclear,Refueling outage scope,11/20/2028,8/20/2028,2/20/2029,13,12355223,4,"nuclear,mechanical,electrical",12,Auto-instantiated from cadence,RES::NUC_OUTAGE_MGR,Nuclear Outage Manager,0,Planned,
SW_SUST_PLANT_GASTON_U2_steam_generator_tube_ins_2028-11-20,SUST_PLANT_GASTON_U2_steam_generator_tube_ins,PLANT_GASTON_U2,Plant Gaston U2,nuclear,Steam generator tube inspection,11/20/2028,8/20/2028,2/20/2029,20,9236484,4,"mechanical,NDT",6,Auto-instantiated from cadence,RES::INSPECTION_LEAD,Inspection Lead,0,Planned,
SW_SUST_PLANT_GASTON_U3_blade_inspection_&_repai_2026-12-30,SUST_PLANT_GASTON_U3_blade_inspection_&_repai,PLANT_GASTON_U3,Plant Gaston U3,wind,Blade inspection & repair,12/30/2026,9/30/2026,3/30/2027,23,120764,4,"blade,rope",3,Auto-instantiated from cadence,RES::INSPECTION_LEAD,Inspection Lead,0,Planned,
SW_SUST_PLANT_GASTON_U3_blade_inspection_&_repai_2027-12-30,SUST_PLANT_GASTON_U3_blade_inspection_&_repai,PLANT_GASTON_U3,Plant Gaston U3,wind,Blade inspection & repair,12/30/2027,9/30/2027,3/30/2028,11,172958,4,"blade,rope",3,Auto-instantiated from cadence,RES::INSPECTION_LEAD,Inspection Lead,0,Planned,
SW_SUST_PLANT_GASTON_U3_blade_inspection_&_repai_2028-12-30,SUST_PLANT_GASTON_U3_blade_inspection_&_repai,PLANT_GASTON_U3,Plant Gaston U3,wind,Blade inspection & repair,12/30/2028,9/30/2028,3/30/2029,6,158380,4,"blade,rope",3,Auto-instantiated from cadence,RES::INSPECTION_LEAD,Inspection Lead,0,Planned,
SW_SUST_PLANT_GASTON_U3_gearbox_oil_change_2026-12-30,SUST_PLANT_GASTON_U3_gearbox_oil_change,PLANT_GASTON_U3,Plant Gaston U3,wind,Gearbox oil change,12/30/2026,9/30/2026,3/30/2027,7,82229,4,mechanical,2,Auto-instantiated from cadence,RES::SUST_PM,Sustainment PM,0,Planned,
SW_SUST_PLANT_GASTON_U3_gearbox_oil_change_2028-12-30,SUST_PLANT_GASTON_U3_gearbox_oil_change,PLANT_GASTON_U3,Plant Gaston U3,wind,Gearbox oil change,12/30/2028,9/30/2028,3/30/2029,18,79525,4,mechanical,2,Auto-instantiated from cadence,RES::SUST_PM,Sustainment PM,0,Planned,
SW_SUST_PLANT_GASTON_U3_main_bearing_inspection_2026-12-30,SUST_PLANT_GASTON_U3_main_bearing_inspection,PLANT_GASTON_U3,Plant Gaston U3,wind,Main bearing inspection,12/30/2026,9/30/2026,3/30/2027,19,47126,3,mechanical,3,Auto-instantiated from cadence,RES::INSPECTION_LEAD,Inspection Lead,0,Planned,
SW_SUST_PLANT_GASTON_U3_main_bearing_inspection_2028-12-30,SUST_PLANT_GASTON_U3_main_bearing_inspection,PLANT_GASTON_U3,Plant Gaston U3,wind,Main bearing inspection,12/30/2028,9/30/2028,3/30/2029,26,40565,3,mechanical,3,Auto-instantiated from cadence,RES::INSPECTION_LEAD,Inspection Lead,0,Planned,
SW_SUST_plant_gpc-mcintosh-8a_300994_combustor_hardware_refre_2024-04-01,SUST_plant_gpc-mcintosh-8a_300994_combustor_hardware_refre,plant_gpc-mcintosh-10-11_5a49a9,McIntosh 10-11,gas,Combustor hardware refresh,4/1/2024,1/1/2024,7/1/2024,27,1984661,5,"mechanical,GT",4,Auto-instantiated from cadence,RES::SUST_PM,Sustainment PM,100,Done,
SW_SUST_plant_gpc-mcintosh-8a_300994_combustor_hardware_refre_2026-04-01,SUST_plant_gpc-mcintosh-8a_300994_combustor_hardware_refre,plant_gpc-mcintosh-10-11_5a49a9,McIntosh 10-11,gas,Combustor hardware refresh,4/1/2026,1/1/2026,7/1/2026,23,1418105,5,"mechanical,GT",4,Auto-instantiated from cadence,RES::SUST_PM,Sustainment PM,0,Planned,
SW_SUST_plant_gpc-mcintosh-8a_300994_gas_turbine_borescope_&__2024-04-01,SUST_plant_gpc-mcintosh-8a_300994_gas_turbine_borescope_&_,plant_gpc-mcintosh-10-11_5a49a9,McIntosh 10-11,gas,Gas turbine borescope & hot-section insp.,4/1/2024,1/1/2024,7/1/2024,17,881046,4,"mechanical,GT",3,Auto-instantiated from cadence,RES::MECH_LEAD,Mechanical Lead,100,Done,
SW_SUST_plant_gpc-mcintosh-8a_300994_gas_turbine_borescope_&__2025-04-01,SUST_plant_gpc-mcintosh-8a_300994_gas_turbine_borescope_&_,plant_gpc-mcintosh-10-11_5a49a9,McIntosh 10-11,gas,Gas turbine borescope & hot-section insp.,4/1/2025,1/1/2025,7/1/2025,19,1159183,4,"mechanical,GT",3,Auto-instantiated from cadence,RES::MECH_LEAD,Mechanical Lead,100,Done,
SW_SUST_plant_gpc-mcintosh-8a_300994_gas_turbine_borescope_&__2026-04-01,SUST_plant_gpc-mcintosh-8a_300994_gas_turbine_borescope_&_,plant_gpc-mcintosh-10-11_5a49a9,McIntosh 10-11,gas,Gas turbine borescope & hot-section insp.,4/1/2026,1/1/2026,7/1/2026,5,499119,4,"mechanical,GT",3,Auto-instantiated from cadence,RES::MECH_LEAD,Mechanical Lead,0,Planned,
SW_SUST_plant_gpc-mcintosh-8a_300994_gas_turbine_borescope_&__2027-04-01,SUST_plant_gpc-mcintosh-8a_300994_gas_turbine_borescope_&_,plant_gpc-mcintosh-10-11_5a49a9,McIntosh 10-11,gas,Gas turbine borescope & hot-section insp.,4/1/2027,1/1/2027,7/1/2027,12,895863,4,"mechanical,GT",3,Auto-instantiated from cadence,RES::MECH_LEAD,Mechanical Lead,0,Planned,
SW_SUST_plant_gpc-mcintosh-8a_300994_generator_inspection_2024-04-01,SUST_plant_gpc-mcintosh-8a_300994_generator_inspection,plant_gpc-mcintosh-10-11_5a49a9,McIntosh 10-11,gas,Generator inspection,4/1/2024,1/1/2024,7/1/2024,23,494128,3,electrical,4,Auto-instantiated from cadence,RES::INSPECTION_LEAD,Inspection Lead,100,Done,
SW_SUST_plant_gpc-mcintosh-8a_300994_generator_inspection_2027-04-01,SUST_plant_gpc-mcintosh-8a_300994_generator_inspection,plant_gpc-mcintosh-10-11_5a49a9,McIntosh 10-11,gas,Generator inspection,4/1/2027,1/1/2027,7/1/2027,5,489240,3,electrical,4,Auto-instantiated from cadence,RES::INSPECTION_LEAD,Inspection Lead,0,Planned,
SW_SUST_plant_gpc-morgan-falls_850259_gas_turbine_borescope_&__2024-04-01,SUST_plant_gpc-morgan-falls_850259_gas_turbine_borescope_&_,plant_gpc-morgan-falls_850259,Robins AFB; Moody AFB,gas,Gas turbine borescope & hot-section insp.,4/1/2024,1/1/2024,7/1/2024,13,591756,3,"mechanical,GT",3,Auto-instantiated from cadence,RES::MECH_LEAD,Mechanical Lead,100,Done,
SW_SUST_plant_gpc-morgan-falls_850259_gas_turbine_borescope_&__2025-04-01,SUST_plant_gpc-morgan-falls_850259_gas_turbine_borescope_&_,plant_gpc-morgan-falls_850259,Robins AFB; Moody AFB,gas,Gas turbine borescope & hot-section insp.,4/1/2025,1/1/2025,7/1/2025,21,666144,3,"mechanical,GT",3,Auto-instantiated from cadence,RES::MECH_LEAD,Mechanical Lead,100,Done,
SW_SUST_plant_gpc-morgan-falls_850259_gas_turbine_borescope_&__2026-04-01,SUST_plant_gpc-morgan-falls_850259_gas_turbine_borescope_&_,plant_gpc-morgan-falls_850259,Robins AFB; Moody AFB,gas,Gas turbine borescope & hot-section insp.,4/1/2026,1/1/2026,7/1/2026,28,554941,3,"mechanical,GT",3,Auto-instantiated from cadence,RES::MECH_LEAD,Mechanical Lead,0,Planned,
SW_SUST_plant_gpc-morgan-falls_850259_gas_turbine_borescope_&__2027-11-03,SUST_plant_gpc-morgan-falls_850259_gas_turbine_borescope_&_,plant_gpc-morgan-falls_850259,Robins AFB; Moody AFB,hydro,Gas turbine borescope & hot-section insp.,11/3/2027,8/3/2027,2/3/2028,9,692118,3,"mechanical,GT",3,Auto-instantiated from cadence,RES::MECH_LEAD,Mechanical Lead,0,Planned,
SW_SUST_plant_gpc-morgan-falls_850259_gas_turbine_borescope_&__2028-11-03,SUST_plant_gpc-morgan-falls_850259_gas_turbine_borescope_&_,plant_gpc-morgan-falls_850259,Robins AFB; Moody AFB,hydro,Gas turbine borescope & hot-section insp.,11/3/2028,8/3/2028,2/3/2029,29,561061,3,"mechanical,GT",3,Auto-instantiated from cadence,RES::MECH_LEAD,Mechanical Lead,0,Planned,
SW_SUST_plant_gpc-morgan-falls_850259_generator_inspection_2024-04-01,SUST_plant_gpc-morgan-falls_850259_generator_inspection,plant_gpc-morgan-falls_850259,Robins AFB; Moody AFB,gas,Generator inspection,4/1/2024,1/1/2024,7/1/2024,19,585133,4,electrical,4,Auto-instantiated from cadence,RES::INSPECTION_LEAD,Inspection Lead,100,Done,
SW_SUST_plant_gpc-morgan-falls_850259_generator_inspection_2027-11-03,SUST_plant_gpc-morgan-falls_850259_generator_inspection,plant_gpc-morgan-falls_850259,Robins AFB; Moody AFB,hydro,Generator inspection,11/3/2027,8/3/2027,2/3/2028,25,410879,4,electrical,4,Auto-instantiated from cadence,RES::INSPECTION_LEAD,Inspection Lead,0,Planned,
SW_SUST_plant_gpc-morgan-falls_850259_hrsg_tube_cleaning_&_ins_2024-04-01,SUST_plant_gpc-morgan-falls_850259_hrsg_tube_cleaning_&_ins,plant_gpc-morgan-falls_850259,Robins AFB; Moody AFB,gas,HRSG tube cleaning & inspection,4/1/2024,1/1/2024,7/1/2024,17,917479,2,"mechanical,NDT",3,Auto-instantiated from cadence,RES::INSPECTION_LEAD,Inspection Lead,100,Done,
SW_SUST_plant_gpc-morgan-falls_850259_hrsg_tube_cleaning_&_ins_2025-10-01,SUST_plant_gpc-morgan-falls_850259_hrsg_tube_cleaning_&_ins,plant_gpc-morgan-falls_850259,Robins AFB; Moody AFB,gas,HRSG tube cleaning & inspection,10/1/2025,7/1/2025,1/1/2026,24,413551,2,"mechanical,NDT",3,Auto-instantiated from cadence,RES::INSPECTION_LEAD,Inspection Lead,61,In Progress,
SW_SUST_plant_gpc-morgan-falls_850259_hrsg_tube_cleaning_&_ins_2027-11-03,SUST_plant_gpc-morgan-falls_850259_hrsg_tube_cleaning_&_ins,plant_gpc-morgan-falls_850259,Robins AFB; Moody AFB,hydro,HRSG tube cleaning & inspection,11/3/2027,8/3/2027,2/3/2028,17,836669,2,"mechanical,NDT",3,Auto-instantiated from cadence,RES::INSPECTION_LEAD,Inspection Lead,0,Planned,
SW_SUST_plant_gpc-morgan-falls_850259_spillway_&_gate_maintena_2024-04-01,SUST_plant_gpc-morgan-falls_850259_spillway_&_gate_maintena,plant_eia-10011-0_9f15f6,Plant 11,gas,Spillway & gate maintenance,4/1/2024,1/1/2024,7/1/2024,11,1035628,4,"civil,mechanical",3,Auto-instantiated from cadence,RES::SUST_PM,Sustainment PM,100,Done,
SW_SUST_plant_gpc-morgan-falls_850259_spillway_&_gate_maintena_2026-04-01,SUST_plant_gpc-morgan-falls_850259_spillway_&_gate_maintena,plant_eia-10011-0_9f15f6,Plant 11,gas,Spillway & gate maintenance,4/1/2026,1/1/2026,7/1/2026,27,964406,4,"civil,mechanical",3,Auto-instantiated from cadence,RES::SUST_PM,Sustainment PM,0,Planned,
SW_SUST_plant_gpc-morgan-falls_850259_spillway_&_gate_maintena_2027-11-03,SUST_plant_gpc-morgan-falls_850259_spillway_&_gate_maintena,plant_eia-10011-0_9f15f6,Plant 11,hydro,Spillway & gate maintenance,11/3/2027,8/3/2027,2/3/2028,23,1025075,4,"civil,mechanical",3,Auto-instantiated from cadence,RES::SUST_PM,Sustainment PM,0,Planned,
SW_SUST_plant_gpc-morgan-falls_850259_turbine/generator_runner_2024-04-01,SUST_plant_gpc-morgan-falls_850259_turbine/generator_runner,plant_eia-10011-0_9f15f6,Plant 11,gas,Turbine/generator runner inspection,4/1/2024,1/1/2024,7/1/2024,16,463196,4,"mechanical,electrical",4,Auto-instantiated from cadence,RES::INSPECTION_LEAD,Inspection Lead,100,Done,
SW_SUST_plant_gpc-morgan-falls_850259_turbine/generator_runner_2026-04-01,SUST_plant_gpc-morgan-falls_850259_turbine/generator_runner,plant_eia-10011-0_9f15f6,Plant 11,gas,Turbine/generator runner inspection,4/1/2026,1/1/2026,7/1/2026,13,516168,4,"mechanical,electrical",4,Auto-instantiated from cadence,RES::INSPECTION_LEAD,Inspection Lead,0,Planned,
SW_SUST_plant_gpc-morgan-falls_850259_turbine/generator_runner_2027-11-03,SUST_plant_gpc-morgan-falls_850259_turbine/generator_runner,plant_eia-10011-0_9f15f6,Plant 11,hydro,Turbine/generator runner inspection,11/3/2027,8/3/2027,2/3/2028,7,822244,4,"mechanical,electrical",4,Auto-instantiated from cadence,RES::INSPECTION_LEAD,Inspection Lead,0,Planned,
SW_SUST_plant_gpc-southern-power-nan_1ed779_inverter_preventative_ma_2025-10-01,SUST_plant_gpc-southern-power-nan_1ed779_inverter_preventative_ma,plant_eia-10018-0_66d132,Plant 20,solar,Inverter preventative maintenance,10/1/2025,7/1/2025,1/1/2026,24,25128,4,electrical,2,Auto-instantiated from cadence,RES::SUST_PM,Sustainment PM,61,In Progress,
SW_SUST_plant_gpc-southern-power-nan_1ed779_inverter_preventative_ma_2026-10-01,SUST_plant_gpc-southern-power-nan_1ed779_inverter_preventative_ma,plant_eia-10018-0_66d132,Plant 20,solar,Inverter preventative maintenance,10/1/2026,7/1/2026,1/1/2027,23,23029,4,electrical,2,Auto-instantiated from cadence,RES::SUST_PM,Sustainment PM,0,Planned,
SW_SUST_plant_gpc-southern-power-nan_1ed779_inverter_preventative_ma_2027-10-01,SUST_plant_gpc-southern-power-nan_1ed779_inverter_preventative_ma,plant_eia-10018-0_66d132,Plant 20,solar,Inverter preventative maintenance,10/1/2027,7/1/2027,1/1/2028,29,43799,4,electrical,2,Auto-instantiated from cadence,RES::SUST_PM,Sustainment PM,0,Planned,
SW_SUST_plant_gpc-southern-power-nan_1ed779_inverter_preventative_ma_2028-10-01,SUST_plant_gpc-southern-power-nan_1ed779_inverter_preventative_ma,plant_eia-10018-0_66d132,Plant 20,solar,Inverter preventative maintenance,10/1/2028,7/1/2028,1/1/2029,15,33471,4,electrical,2,Auto-instantiated from cadence,RES::SUST_PM,Sustainment PM,0,Planned,
SW_SUST_plant_gpc-southern-power-nan_1ed779_pv_array_cleaning_&_repa_2025-10-01,SUST_plant_gpc-southern-power-nan_1ed779_pv_array_cleaning_&_repa,plant_eia-10018-0_66d132,Plant 20,solar,PV array cleaning & repair,10/1/2025,7/1/2025,1/1/2026,13,43539,3,technicians,1,Auto-instantiated from cadence,RES::SUST_PM,Sustainment PM,61,In Progress,
SW_SUST_plant_gpc-southern-power-nan_1ed779_pv_array_cleaning_&_repa_2026-10-01,SUST_plant_gpc-southern-power-nan_1ed779_pv_array_cleaning_&_repa,plant_eia-10018-0_66d132,Plant 20,solar,PV array cleaning & repair,10/1/2026,7/1/2026,1/1/2027,14,53670,3,technicians,1,Auto-instantiated from cadence,RES::SUST_PM,Sustainment PM,0,Planned,
SW_SUST_plant_gpc-southern-power-nan_1ed779_pv_array_cleaning_&_repa_2027-10-01,SUST_plant_gpc-southern-power-nan_1ed779_pv_array_cleaning_&_repa,plant_eia-10018-0_66d132,Plant 20,solar,PV array cleaning & repair,10/1/2027,7/1/2027,1/1/2028,9,58927,3,technicians,1,Auto-instantiated from cadence,RES::SUST_PM,Sustainment PM,0,Planned,
SW_SUST_plant_gpc-southern-power-nan_1ed779_pv_array_cleaning_&_repa_2028-10-01,SUST_plant_gpc-southern-power-nan_1ed779_pv_array_cleaning_&_repa,plant_eia-10018-0_66d132,Plant 20,solar,PV array cleaning & repair,10/1/2028,7/1/2028,1/1/2029,11,41262,3,technicians,1,Auto-instantiated from cadence,RES::SUST_PM,Sustainment PM,0,Planned,
SW_SUST_plant_gpc-southern-power-nan_1ed779_tracker_inspection_&_rea_2025-10-01,SUST_plant_gpc-southern-power-nan_1ed779_tracker_inspection_&_rea,plant_eia-10018-0_66d132,Plant 20,solar,Tracker inspection & realignment,10/1/2025,7/1/2025,1/1/2026,11,39486,3,mechanical,2,Auto-instantiated from cadence,RES::INSPECTION_LEAD,Inspection Lead,61,In Progress,
SW_SUST_plant_gpc-southern-power-nan_1ed779_tracker_inspection_&_rea_2027-04-01,SUST_plant_gpc-southern-power-nan_1ed779_tracker_inspection_&_rea,plant_eia-10018-0_66d132,Plant 20,solar,Tracker inspection & realignment,4/1/2027,1/1/2027,7/1/2027,14,23594,3,mechanical,2,Auto-instantiated from cadence,RES::INSPECTION_LEAD,Inspection Lead,0,Planned,
SW_SUST_plant_gpc-southern-power-nan_1ed779_tracker_inspection_&_rea_2028-10-01,SUST_plant_gpc-southern-power-nan_1ed779_tracker_inspection_&_rea,plant_eia-10018-0_66d132,Plant 20,solar,Tracker inspection & realignment,10/1/2028,7/1/2028,1/1/2029,15,34043,3,mechanical,2,Auto-instantiated from cadence,RES::INSPECTION_LEAD,Inspection Lead,0,Planned,
SW_SUST_plant_southern-power-gpc-sinclair_de80ca_blade_inspection_&_repai_2026-07-01,SUST_plant_southern-power-gpc-sinclair_de80ca_blade_inspection_&_repai,plant_southern-power-gpc-sinclair_de80ca,Cape Wind,wind,Blade inspection & repair,7/1/2026,4/1/2026,10/1/2026,20,51422,4,"blade,rope",3,Auto-instantiated from cadence,RES::INSPECTION_LEAD,Inspection Lead,0,Planned,
SW_SUST_plant_southern-power-gpc-sinclair_de80ca_blade_inspection_&_repai_2027-07-01,SUST_plant_southern-power-gpc-sinclair_de80ca_blade_inspection_&_repai,plant_southern-power-gpc-sinclair_de80ca,Cape Wind,wind,Blade inspection & repair,7/1/2027,4/1/2027,10/1/2027,23,86522,4,"blade,rope",3,Auto-instantiated from cadence,RES::INSPECTION_LEAD,Inspection Lead,0,Planned,
SW_SUST_plant_southern-power-gpc-sinclair_de80ca_blade_inspection_&_repai_2028-07-01,SUST_plant_southern-power-gpc-sinclair_de80ca_blade_inspection_&_repai,plant_southern-power-gpc-sinclair_de80ca,Cape Wind,wind,Blade inspection & repair,7/1/2028,4/1/2028,10/1/2028,10,86449,4,"blade,rope",3,Auto-instantiated from cadence,RES::INSPECTION_LEAD,Inspection Lead,0,Planned,
SW_SUST_plant_southern-power-gpc-sinclair_de80ca_gearbox_oil_change_2026-07-01,SUST_plant_southern-power-gpc-sinclair_de80ca_gearbox_oil_change,plant_southern-power-gpc-sinclair_de80ca,Cape Wind,wind,Gearbox oil change,7/1/2026,4/1/2026,10/1/2026,17,31889,3,mechanical,2,Auto-instantiated from cadence,RES::SUST_PM,Sustainment PM,0,Planned,
SW_SUST_plant_southern-power-gpc-sinclair_de80ca_gearbox_oil_change_2028-07-01,SUST_plant_southern-power-gpc-sinclair_de80ca_gearbox_oil_change,plant_southern-power-gpc-sinclair_de80ca,Cape Wind,wind,Gearbox oil change,7/1/2028,4/1/2028,10/1/2028,27,23857,3,mechanical,2,Auto-instantiated from cadence,RES::SUST_PM,Sustainment PM,0,Planned,
SW_SUST_plant_southern-power-gpc-sinclair_de80ca_main_bearing_inspection_2026-07-01,SUST_plant_southern-power-gpc-sinclair_de80ca_main_bearing_inspection,plant_southern-power-gpc-sinclair_de80ca,Cape Wind,wind,Main bearing inspection,7/1/2026,4/1/2026,10/1/2026,28,76274,4,mechanical,3,Auto-instantiated from cadence,RES::INSPECTION_LEAD,Inspection Lead,0,Planned,
SW_SUST_plant_southern-power-gpc-sinclair_de80ca_main_bearing_inspection_2028-07-01,SUST_plant_southern-power-gpc-sinclair_de80ca_main_bearing_inspection,plant_southern-power-gpc-sinclair_de80ca,Cape Wind,wind,Main bearing inspection,7/1/2028,4/1/2028,10/1/2028,5,143394,4,mechanical,3,Auto-instantiated from cadence,RES::INSPECTION_LEAD,Inspection Lead,0,Planned,
SW_SUST_plant_southern-power-hatch_586d93_spillway_&_gate_maintena_2024-04-01,SUST_plant_southern-power-hatch_586d93_spillway_&_gate_maintena,plant_eia-10011-0_9f15f6,Plant 11,hydro,Spillway & gate maintenance,4/1/2024,1/1/2024,7/1/2024,8,709032,5,"civil,mechanical",3,Auto-instantiated from cadence,RES::SUST_PM,Sustainment PM,100,Done,
SW_SUST_plant_southern-power-hatch_586d93_spillway_&_gate_maintena_2026-04-01,SUST_plant_southern-power-hatch_586d93_spillway_&_gate_maintena,plant_eia-10011-0_9f15f6,Plant 11,hydro,Spillway & gate maintenance,4/1/2026,1/1/2026,7/1/2026,18,560844,5,"civil,mechanical",3,Auto-instantiated from cadence,RES::SUST_PM,Sustainment PM,0,Planned,
SW_SUST_plant_southern-power-hatch_586d93_spillway_&_gate_maintena_2028-04-01,SUST_plant_southern-power-hatch_586d93_spillway_&_gate_maintena,plant_eia-10011-0_9f15f6,Plant 11,hydro,Spillway & gate maintenance,4/1/2028,1/1/2028,7/1/2028,15,338822,5,"civil,mechanical",3,Auto-instantiated from cadence,RES::SUST_PM,Sustainment PM,0,Planned,
SW_SUST_plant_southern-power-hatch_586d93_turbine/generator_runner_2024-04-01,SUST_plant_southern-power-hatch_586d93_turbine/generator_runner,plant_eia-10011-0_9f15f6,Plant 11,hydro,Turbine/generator runner inspection,4/1/2024,1/1/2024,7/1/2024,18,667890,4,"mechanical,electrical",4,Auto-instantiated from cadence,RES::INSPECTION_LEAD,Inspection Lead,100,Done,
SW_SUST_plant_southern-power-hatch_586d93_turbine/generator_runner_2026-04-01,SUST_plant_southern-power-hatch_586d93_turbine/generator_runner,plant_eia-10011-0_9f15f6,Plant 11,hydro,Turbine/generator runner inspection,4/1/2026,1/1/2026,7/1/2026,9,654170,4,"mechanical,electrical",4,Auto-instantiated from cadence,RES::INSPECTION_LEAD,Inspection Lead,0,Planned,
SW_SUST_plant_southern-power-hatch_586d93_turbine/generator_runner_2028-04-01,SUST_plant_southern-power-hatch_586d93_turbine/generator_runner,plant_eia-10011-0_9f15f6,Plant 11,hydro,Turbine/generator runner inspection,4/1/2028,1/1/2028,7/1/2028,28,829739,4,"mechanical,electrical",4,Auto-instantiated from cadence,RES::INSPECTION_LEAD,Inspection Lead,0,Planned,
SW_SUST_PLANT_GASTON_U2_containment_inspection_2028-11-20,SUST_PLANT_Vogtle 3_containment_inspection,plant_gpc-vogtle-3_f743db,Vogtle 3,nuclear,Containment inspection,11/20/2028,8/20/2028,2/20/2029,16,3304202,4,"civil,mechanical",6,Auto-instantiated from cadence,RES::INSPECTION_LEAD,Inspection Lead,0,Planned,
SW_SUST_PLANT_GASTON_U2_refueling_outage_scope_2028-11-20,SUST_PLANT_Vogtle 3_refueling_outage_scope,plant_gpc-vogtle-3_f743db,Vogtle 3,nuclear,Refueling outage scope,11/20/2028,8/20/2028,2/20/2029,13,12355223,4,"nuclear,mechanical,electrical",12,Auto-instantiated from cadence,RES::NUC_OUTAGE_MGR,Nuclear Outage Manager,0,Planned,
SW_SUST_PLANT_GASTON_U2_steam_generator_tube_ins_2028-11-20,SUST_PLANT_Vogtle 32_steam_generator_tube_ins,plant_gpc-vogtle-3_f743db,Vogtle 3,nuclear,Steam generator tube inspection,11/20/2028,8/20/2028,2/20/2029,20,9236484,4,"mechanical,NDT",6,Auto-instantiated from cadence,RES::INSPECTION_LEAD,Inspection Lead,0,Planned,
SUST_plant28_701_W1,SUST_plant28_701,plant_eia-10022-0_7eb25e,Plant 28,coal,Instrumentation & Controls Upgrade,1/15/2026,12/16/2025,2/14/2026,12,265000,High – reliability and compliance exposure,"I&C, electrical, controls",9,"Upgrade DCS, replace obsolete PLCs, implement cyber security hardening measures.",RES::SUST_PM,Sustainment PM,0,Planned,
SUST_plant28_701_W2,SUST_plant28_701,plant_eia-10022-0_7eb25e,Plant 28,coal,Instrumentation & Controls Upgrade,5/15/2026,4/15/2026,6/14/2026,12,246000,High – reliability and compliance exposure,"I&C, electrical, controls",9,"Upgrade DCS, replace obsolete PLCs, implement cyber security hardening measures.",RES::SUST_PM,Sustainment PM,0,Planned,
SUST_plant28_701_W3,SUST_plant28_701,plant_eia-10022-0_7eb25e,Plant 28,coal,Instrumentation & Controls Upgrade,9/15/2026,8/16/2026,10/15/2026,6,253000,High – reliability and compliance exposure,"I&C, electrical, controls",9,"Upgrade DCS, replace obsolete PLCs, implement cyber security hardening measures.",RES::SUST_PM,Sustainment PM,0,Planned,
SUST_plant28_702_W1,SUST_plant28_702,plant_eia-10022-0_7eb25e,Plant 28,coal,Coal Conveyor & Fuel Handling Refurbishment,1/15/2026,12/16/2025,2/14/2026,10,230000,Medium – fuel supply interruptions possible,"mechanical, electrical, civil",6,"Replace worn conveyor belts, upgrade drives, inspect structural steel, improve dust suppression.",RES::SUST_PM,Sustainment PM,0,Planned,
SUST_plant28_702_W2,SUST_plant28_702,plant_eia-10022-0_7eb25e,Plant 28,coal,Coal Conveyor & Fuel Handling Refurbishment,5/15/2026,4/15/2026,6/14/2026,14,200000,Medium – fuel supply interruptions possible,"mechanical, electrical, civil",6,"Replace worn conveyor belts, upgrade drives, inspect structural steel, improve dust suppression.",RES::SUST_PM,Sustainment PM,0,Planned,
SUST_plant28_702_W3,SUST_plant28_702,plant_eia-10022-0_7eb25e,Plant 28,coal,Coal Conveyor & Fuel Handling Refurbishment,9/15/2026,8/16/2026,10/15/2026,8,190000,Medium – fuel supply interruptions possible,"mechanical, electrical, civil",6,"Replace worn conveyor belts, upgrade drives, inspect structural steel, improve dust suppression.",RES::SUST_PM,Sustainment PM,0,Planned,
SUST_plant28_703_W1,SUST_plant28_703,plant_eia-10022-0_7eb25e,Plant 28,coal,Cooling Tower Structural & Fill Replacement,1/15/2026,12/16/2025,2/14/2026,15,496000,High – heat rate and reliability degradation,"civil, mechanical",8,"Replace tower fill, inspect basin, replace fan gearboxes, structural rehab of drift eliminators.",RES::SUST_PM,Sustainment PM,0,Planned,
SUST_plant28_703_W2,SUST_plant28_703,plant_eia-10022-0_7eb25e,Plant 28,coal,Cooling Tower Structural & Fill Replacement,5/15/2026,4/15/2026,6/14/2026,19,556000,High – heat rate and reliability degradation,"civil, mechanical",8,"Replace tower fill, inspect basin, replace fan gearboxes, structural rehab of drift eliminators.",RES::SUST_PM,Sustainment PM,0,Planned,
SUST_plant28_703_W3,SUST_plant28_703,plant_eia-10022-0_7eb25e,Plant 28,coal,Cooling Tower Structural & Fill Replacement,9/15/2026,8/16/2026,10/15/2026,20,391000,High – heat rate and reliability degradation,"civil, mechanical",8,"Replace tower fill, inspect basin, replace fan gearboxes, structural rehab of drift eliminators.",RES::SUST_PM,Sustainment PM,0,Planned,
SUST_plant28_boiler_tube_W1,SUST_plant28_boiler_tube,plant_eia-10022-0_7eb25e,Plant 28,coal,Boiler tube inspection & repair,1/15/2026,12/16/2025,2/14/2026,8,206000,4,"mechanical, NDT",2,Generated from fuel-aligned catalog,RES::INSPECTION_LEAD,Inspection Lead,0,Planned,
SUST_plant28_boiler_tube_W2,SUST_plant28_boiler_tube,plant_eia-10022-0_7eb25e,Plant 28,coal,Boiler tube inspection & repair,5/15/2026,4/15/2026,6/14/2026,10,231000,4,"mechanical, NDT",2,Generated from fuel-aligned catalog,RES::INSPECTION_LEAD,Inspection Lead,0,Planned,
SUST_plant28_boiler_tube_W3,SUST_plant28_boiler_tube,plant_eia-10022-0_7eb25e,Plant 28,coal,Boiler tube inspection & repair,9/15/2026,8/16/2026,10/15/2026,10,211000,4,"mechanical, NDT",2,Generated from fuel-aligned catalog,RES::INSPECTION_LEAD,Inspection Lead,0,Planned,
SUST_plant28_gypsum_handling_upkeep_W1,SUST_plant28_gypsum_handling_upkeep,plant_eia-10022-0_7eb25e,Plant 28,coal,FGD/gypsum handling upkeep,1/15/2026,12/16/2025,2/14/2026,13,324000,4,"mechanical, environmental",4,Generated from fuel-aligned catalog,RES::SUST_PM,Sustainment PM,0,Planned,
SUST_plant28_gypsum_handling_upkeep_W2,SUST_plant28_gypsum_handling_upkeep,plant_eia-10022-0_7eb25e,Plant 28,coal,FGD/gypsum handling upkeep,5/15/2026,4/15/2026,6/14/2026,14,372000,4,"mechanical, environmental",4,Generated from fuel-aligned catalog,RES::SUST_PM,Sustainment PM,0,Planned,
SUST_plant28_gypsum_handling_upkeep_W3,SUST_plant28_gypsum_handling_upkeep,plant_eia-10022-0_7eb25e,Plant 28,coal,FGD/gypsum handling upkeep,9/15/2026,8/16/2026,10/15/2026,12,310000,4,"mechanical, environmental",4,Generated from fuel-aligned catalog,RES::SUST_PM,Sustainment PM,0,Planned,
SUST_plant28_SCR_catalyst_changeout_W1,SUST_plant28_SCR_catalyst_changeout,plant_eia-10022-0_7eb25e,Plant 28,coal,SCR catalyst changeout,1/15/2026,12/16/2025,2/14/2026,14,444000,3,"mechanical, environmental",5,Generated from fuel-aligned catalog,RES::SUST_PM,Sustainment PM,0,Planned,
SUST_plant28_SCR_catalyst_changeout_W2,SUST_plant28_SCR_catalyst_changeout,plant_eia-10022-0_7eb25e,Plant 28,coal,SCR catalyst changeout,5/15/2026,4/15/2026,6/14/2026,11,354000,3,"mechanical, environmental",5,Generated from fuel-aligned catalog,RES::SUST_PM,Sustainment PM,0,Planned,
SUST_plant28_SCR_catalyst_changeout_W3,SUST_plant28_SCR_catalyst_changeout,plant_eia-10022-0_7eb25e,Plant 28,coal,SCR catalyst changeout,9/15/2026,8/16/2026,10/15/2026,11,317000,3,"mechanical, environmental",5,Generated from fuel-aligned catalog,RES::SUST_PM,Sustainment PM,0,Planned,
SUST_plant9_704_W1,SUST_plant9_704,plant_eia-10009-0_97aed2,Plant 9,coal,Water Treatment & Chemistry Controls Modernization,1/15/2026,12/16/2025,2/14/2026,9,145000,Medium – scaling and corrosion risk increases,"I&C, chemical, mechanical",5,"Install new conductivity analyzers, upgrade chemical feed systems, automate sample collection.",RES::SUST_PM,Sustainment PM,0,Planned,
SUST_plant9_704_W2,SUST_plant9_704,plant_eia-10009-0_97aed2,Plant 9,coal,Water Treatment & Chemistry Controls Modernization,5/15/2026,4/15/2026,6/14/2026,7,107000,Medium – scaling and corrosion risk increases,"I&C, chemical, mechanical",5,"Install new conductivity analyzers, upgrade chemical feed systems, automate sample collection.",RES::SUST_PM,Sustainment PM,0,Planned,
SUST_plant9_704_W3,SUST_plant9_704,plant_eia-10009-0_97aed2,Plant 9,coal,Water Treatment & Chemistry Controls Modernization,9/15/2026,8/16/2026,10/15/2026,7,119000,Medium – scaling and corrosion risk increases,"I&C, chemical, mechanical",5,"Install new conductivity analyzers, upgrade chemical feed systems, automate sample collection.",RES::SUST_PM,Sustainment PM,0,Planned,
SUST_plant9_705_W1,SUST_plant9_705,plant_eia-10009-0_97aed2,Plant 9,coal,Ash Handling System Replacement,1/15/2026,12/16/2025,2/14/2026,16,408000,High – ash buildup and environmental compliance impact,"mechanical, electrical, environmental",10,"Replace sluice lines with dry bottom ash handling, install new clinker grinders and drag conveyors.",RES::SUST_PM,Sustainment PM,0,Planned,
SUST_plant9_705_W2,SUST_plant9_705,plant_eia-10009-0_97aed2,Plant 9,coal,Ash Handling System Replacement,5/15/2026,4/15/2026,6/14/2026,22,313000,High – ash buildup and environmental compliance impact,"mechanical, electrical, environmental",10,"Replace sluice lines with dry bottom ash handling, install new clinker grinders and drag conveyors.",RES::SUST_PM,Sustainment PM,0,Planned,
SUST_plant9_705_W3,SUST_plant9_705,plant_eia-10009-0_97aed2,Plant 9,coal,Ash Handling System Replacement,9/15/2026,8/16/2026,10/15/2026,19,455000,High – ash buildup and environmental compliance impact,"mechanical, electrical, environmental",10,"Replace sluice lines with dry bottom ash handling, install new clinker grinders and drag conveyors.",RES::SUST_PM,Sustainment PM,0,Planned,
SUST_plant9_706_W1,SUST_plant9_706,plant_eia-10009-0_97aed2,Plant 9,coal,Stack Liner & Breeching Inspection Program,1/15/2026,12/16/2025,2/14/2026,9,147000,Medium – corrosion could lead to forced outage,"civil, inspection, materials",4,"Perform ultrasonic inspections, repair liner defects, replace access platforms as needed.",RES::INSPECTION_LEAD,Inspection Lead,0,Planned,
SUST_plant9_706_W2,SUST_plant9_706,plant_eia-10009-0_97aed2,Plant 9,coal,Stack Liner & Breeching Inspection Program,5/15/2026,4/15/2026,6/14/2026,7,134000,Medium – corrosion could lead to forced outage,"civil, inspection, materials",4,"Perform ultrasonic inspections, repair liner defects, replace access platforms as needed.",RES::INSPECTION_LEAD,Inspection Lead,0,Planned,
SUST_plant9_706_W3,SUST_plant9_706,plant_eia-10009-0_97aed2,Plant 9,coal,Stack Liner & Breeching Inspection Program,9/15/2026,8/16/2026,10/15/2026,7,91000,Medium – corrosion could lead to forced outage,"civil, inspection, materials",4,"Perform ultrasonic inspections, repair liner defects, replace access platforms as needed.",RES::INSPECTION_LEAD,Inspection Lead,0,Planned,
SUST_plant9_boiler_Pulverizer_overhaul_W1,SUST_plant9_boiler_Pulverizer_overhaul,plant_eia-10009-0_97aed2,Plant 9,coal,Pulverizer overhaul,1/15/2026,12/16/2025,2/14/2026,16,241000,4,"mechanical, materials",4,Generated from fuel-aligned catalog,RES::MECH_LEAD,Mechanical Lead,0,Planned,
SUST_plant9_boiler_Pulverizer_overhaul_W2,SUST_plant9_boiler_Pulverizer_overhaul,plant_eia-10009-0_97aed2,Plant 9,coal,Pulverizer overhaul,5/15/2026,4/15/2026,6/14/2026,17,279000,4,"mechanical, materials",4,Generated from fuel-aligned catalog,RES::MECH_LEAD,Mechanical Lead,0,Planned,
SUST_plant9_boiler_Pulverizer_overhaul_W3,SUST_plant9_boiler_Pulverizer_overhaul,plant_eia-10009-0_97aed2,Plant 9,coal,Pulverizer overhaul,9/15/2026,8/16/2026,10/15/2026,10,353000,4,"mechanical, materials",4,Generated from fuel-aligned catalog,RES::MECH_LEAD,Mechanical Lead,0,Planned,
SUST_plant9_boiler_tube_W1,SUST_plant9_boiler_tube,plant_eia-10009-0_97aed2,Plant 9,coal,Boiler tube inspection & repair,1/15/2026,12/16/2025,2/14/2026,9,345000,4,"mechanical, NDT",2,Generated from fuel-aligned catalog,RES::INSPECTION_LEAD,Inspection Lead,0,Planned,
SUST_plant9_boiler_tube_W2,SUST_plant9_boiler_tube,plant_eia-10009-0_97aed2,Plant 9,coal,Boiler tube inspection & repair,5/15/2026,4/15/2026,6/14/2026,8,304000,4,"mechanical, NDT",2,Generated from fuel-aligned catalog,RES::INSPECTION_LEAD,Inspection Lead,0,Planned,
SUST_plant9_boiler_tube_W3,SUST_plant9_boiler_tube,plant_eia-10009-0_97aed2,Plant 9,coal,Boiler tube inspection & repair,9/15/2026,8/16/2026,10/15/2026,12,234000,4,"mechanical, NDT",2,Generated from fuel-aligned catalog,RES::INSPECTION_LEAD,Inspection Lead,0,Planned,
SUST_plant9_SCR_catalyst_changeout_W1,SUST_plant9_SCR_catalyst_changeout,plant_eia-10009-0_97aed2,Plant 9,coal,SCR catalyst changeout,1/15/2026,12/16/2025,2/14/2026,11,375000,5,"mechanical, environmental",5,Generated from fuel-aligned catalog,RES::SUST_PM,Sustainment PM,0,Planned,
SUST_plant9_SCR_catalyst_changeout_W2,SUST_plant9_SCR_catalyst_changeout,plant_eia-10009-0_97aed2,Plant 9,coal,SCR catalyst changeout,5/15/2026,4/15/2026,6/14/2026,9,415000,5,"mechanical, environmental",5,Generated from fuel-aligned catalog,RES::SUST_PM,Sustainment PM,0,Planned,
SUST_plant9_SCR_catalyst_changeout_W3,SUST_plant9_SCR_catalyst_changeout,plant_eia-10009-0_97aed2,Plant 9,coal,SCR catalyst changeout,9/15/2026,8/16/2026,10/15/2026,14,416000,5,"mechanical, environmental",5,Generated from fuel-aligned catalog,RES::SUST_PM,Sustainment PM,0,Planned,
